iter,elapsed_time,obj,gradnorm,eval,grad,no_perturb_count,gamma,inv_step,momentum
0,0,1.0,2.0,0,0,0,7.905694150420948e-09,400.0,0.9999955543014749
1,0.001239583987626247,0.9900250624999999,1.989956281554949,1,1,1,7.905694150420948e-09,400.0,0.9999955543014749
2,0.002653458999702707,0.970328525420405,1.9693703815414818,2,2,2,7.905694150420948e-09,400.0,0.9999955543014749
3,0.0038033340097172186,0.9413923707694195,1.9370764594440875,3,3,3,7.905694150420948e-09,400.0,0.9999955543014749
4,0.004961793005350046,0.9039700942936457,1.8925665459578007,4,4,4,7.905694150420948e-09,400.0,0.9999955543014749
5,0.006110293004894629,0.8591028571187834,1.8368771509614799,5,5,5,7.905694150420948e-09,400.0,0.9999955543014749
6,0.007240459002787247,0.8080850838667236,1.7719456626897,6,6,6,7.905694150420948e-09,400.0,0.9999955543014749
7,0.008363999993889593,0.7523857946258173,1.6991641965680615,7,7,7,7.905694150420948e-09,400.0,0.9999955543014749
8,0.009490583994193003,0.6935452752005532,1.6180779156603842,8,8,8,7.905694150420948e-09,400.0,0.9999955543014749
9,0.010613958991598338,0.6330739980953544,1.5261899640140009,9,9,9,7.905694150420948e-09,400.0,0.9999955543014749
10,0.011859958991408348,0.5723771331939425,1.4208366480726884,10,10,10,7.905694150420948e-09,400.0,0.9999955543014749
11,0.012983041990082711,0.512703564802934,1.3024589310722574,11,11,11,7.905694150420948e-09,400.0,0.9999955543014749
12,0.014107458991929889,0.45510020405617674,1.1761761826488148,12,12,12,7.905694150420948e-09,400.0,0.9999955543014749
13,0.015230625998810865,0.4003724312568294,1.0495674009330562,13,13,13,7.905694150420948e-09,400.0,0.9999955543014749
14,0.016345791998901404,0.3490758975226385,0.9291208308324238,14,14,14,7.905694150420948e-09,400.0,0.9999955543014749
15,0.017457708992878906,0.3015470048000134,0.8191315785434206,15,15,15,7.905694150420948e-09,400.0,0.9999955543014749
16,0.018578375995275564,0.25795008819385623,0.7226508383578273,16,16,16,7.905694150420948e-09,400.0,0.9999955543014749
17,0.019980293000116944,0.2183215743558984,0.6418260037042441,17,17,17,7.905694150420948e-09,400.0,0.9999955543014749
18,0.021148043000721373,0.18260719699271538,0.5776313735392429,18,18,18,7.905694150420948e-09,400.0,0.9999955543014749
19,0.02230333400075324,0.15069197497675285,0.5298685104236547,19,19,19,7.905694150420948e-09,400.0,0.9999955543014749
20,0.02344241699029226,0.12242253483653648,0.4971680671328765,20,20,20,7.905694150420948e-09,400.0,0.9999955543014749
21,0.0245741259859642,0.09762323993167957,0.4772413551864653,21,21,21,7.905694150420948e-09,400.0,0.9999955543014749
22,0.025703000981593505,0.07610731872268402,0.46721995085435364,22,22,22,7.905694150420948e-09,400.0,0.9999955543014749
23,0.02683845898718573,0.05768461691245837,0.46430978983979676,23,23,23,7.905694150420948e-09,400.0,0.9999955543014749
24,0.028009291985654272,0.042166431779621275,0.46588528455129014,24,24,24,7.905694150420948e-09,400.0,0.9999955543014749
25,0.02929037499416154,0.029369198281553294,0.4702973365920033,25,25,25,7.905694150420948e-09,400.0,0.9999955543014749
26,0.030445625001448207,0.01911551939640963,0.4753911412180262,26,26,26,7.905694150420948e-09,400.0,0.9999955543014749
27,0.031584416996338405,0.011237644796036644,0.48224567050900824,27,27,27,7.905694150420948e-09,400.0,0.9999955543014749
28,0.032704749988624826,0.0055717774800336135,0.48433763344089403,28,28,28,7.905694150420948e-09,400.0,0.9999955543014749
29,0.033817707997513935,0.001976358309102397,0.500022232220466,29,29,29,7.905694150420948e-09,400.0,0.9999955543014749
30,0.034917541008326225,0.0002755782461259436,0.46568591479843724,30,30,30,7.905694150420948e-09,400.0,0.9999955543014749
31,0.03602729101839941,0.0004542860557955166,0.6114036083945167,31,31,31,7.905694150420948e-09,400.0,0.9999955543014749
32,0.03714458300964907,0.002039396471248751,0.05904031688310247,32,32,32,7.905694150420948e-09,400.0,0.9999955543014749
33,0.03826841700356454,0.007994870705898525,2.4373546746829247,33,33,33,7.905694150420948e-09,400.0,0.9999955543014749
34,0.03938262500741985,0.03903787143250315,8.272768920241502,34,34,34,7.905694150420948e-09,400.0,0.9999955543014749
35,0.04049933300120756,0.7539685744177594,41.37428951983664,35,35,35,7.905694150420948e-09,400.0,0.9999955543014749
36,0.04160658299224451,15.21644707000528,215.31267346125665,36,36,36,7.905694150420948e-09,400.0,0.9999955543014749
37,0.042721124991658144,292.8033894665709,347.4635794024115,37,37,37,7.905694150420948e-09,400.0,0.9999955543014749
38,0.043980708986055106,292.8033894665709,347.4635794024115,38,38,38,7.905694150420948e-09,400.0,0.9999955543014749
39,0.045093249980709516,64.84569377558361,179.3934794530514,39,39,39,7.905694150420948e-09,400.0,0.9999955543014749
40,0.046211416978621855,0.5393165913660778,7.33886030770927,40,40,40,7.905694150420948e-09,400.0,0.9999955543014749
41,0.04732262597826775,7.211884276313923,50.37372625838063,41,41,41,7.905694150420948e-09,400.0,0.9999955543014749
42,0.048433375981403515,8.40807324643012,54.88542691493956,42,42,42,7.905694150420948e-09,400.0,0.9999955543014749
43,0.04954766797891352,3.116199843503607,28.68861617630977,43,43,43,7.905694150420948e-09,400.0,0.9999955543014749
44,0.0506639599771006,1.4128254273803849,2.4524653373213887,44,44,44,7.905694150420948e-09,400.0,0.9999955543014749
45,0.051777542976196855,1.864341785095888,10.749648699107627,45,45,45,7.905694150420948e-09,400.0,0.9999955543014749
46,0.05290058498212602,1.9440240510966402,6.009408887403195,46,46,46,7.905694150420948e-09,400.0,0.9999955543014749
47,0.054003375975298695,2.105518232510526,2.196052718869598,47,47,47,7.905694150420948e-09,400.0,0.9999955543014749
48,0.05527570997946896,2.2934408347855553,2.2318935622489025,48,48,48,7.905694150420948e-09,400.0,0.9999955543014749
49,0.05651912598113995,2.2934408347855553,2.2318935622489025,49,49,49,7.905694150420948e-09,400.0,0.9999955543014749
50,0.0576408339838963,2.2816422699220156,2.1152265709086104,50,50,50,7.905694150420948e-09,400.0,0.9999955543014749
51,0.05874825098726433,2.259262338793993,2.1204958488189294,51,51,51,7.905694150420948e-09,400.0,0.9999955543014749
52,0.05998691798595246,2.259262338793993,2.1204958488189294,52,52,52,7.905694150420948e-09,400.0,0.9999955543014749
53,0.06109350098995492,2.2480142400791085,2.123111013995062,53,53,53,7.905694150420948e-09,400.0,0.9999955543014749
54,0.062319583987118676,2.2480142400791085,2.123111013995062,54,54,54,7.905694150420948e-09,400.0,0.9999955543014749
55,0.06347837598877959,2.236738227354005,2.1257578933745505,55,55,55,7.905694150420948e-09,400.0,0.9999955543014749
56,0.06472433399176225,2.236738227354005,2.1257578933745505,56,56,56,7.905694150420948e-09,400.0,0.9999955543014749
57,0.0658465000014985,2.225434084780634,2.128406879363639,57,57,57,7.905694150420948e-09,400.0,0.9999955543014749
58,0.06706387500162236,2.225434084780634,2.128406879363639,58,58,58,7.905694150420948e-09,400.0,0.9999955543014749
59,0.06817354100348894,2.2141017565573033,2.1310573274236635,59,59,59,7.905694150420948e-09,400.0,0.9999955543014749
60,0.06939470801444259,2.2141017565573033,2.1310573274236635,60,60,60,7.905694150420948e-09,400.0,0.9999955543014749
61,0.07050679101666901,2.202741193854404,2.133708541520368,61,61,61,7.905694150420948e-09,400.0,0.9999955543014749
62,0.07173250001505949,2.202741193854404,2.133708541520368,62,62,62,7.905694150420948e-09,400.0,0.9999955543014749
63,0.07284254101978149,2.1913523553173118,2.1363597887670385,63,63,63,7.905694150420948e-09,400.0,0.9999955543014749
64,0.07405987402307801,2.1913523553173118,2.1363597887670385,64,64,64,7.905694150420948e-09,400.0,0.9999955543014749
65,0.07517620701401029,2.179935207501162,2.13901029796052,65,65,65,7.905694150420948e-09,400.0,0.9999955543014749
66,0.07639279001159593,2.179935207501162,2.13901029796052,66,66,66,7.905694150420948e-09,400.0,0.9999955543014749
67,0.07750104001024738,2.16848972532445,2.141659257964887,67,67,67,7.905694150420948e-09,400.0,0.9999955543014749
68,0.07871754001826048,2.16848972532445,2.141659257964887,68,68,68,7.905694150420948e-09,400.0,0.9999955543014749
69,0.07983104002778418,2.1570158925426273,2.1443058160394664,69,69,69,7.905694150420948e-09,400.0,0.9999955543014749
70,0.08104270702460781,2.1570158925426273,2.1443058160394664,70,70,70,7.905694150420948e-09,400.0,0.9999955543014749
71,0.08215704001486301,2.1455137022423947,2.1469490761120236,71,71,71,7.905694150420948e-09,400.0,0.9999955543014749
72,0.08336141501786187,2.1455137022423947,2.1469490761120236,72,72,72,7.905694150420948e-09,400.0,0.9999955543014749
73,0.08447195701592136,2.1339831573573784,2.1495880969968364,73,73,73,7.905694150420948e-09,400.0,0.9999955543014749
74,0.08567433201824315,2.1339831573573784,2.1495880969968364,74,74,74,7.905694150420948e-09,400.0,0.9999955543014749
75,0.0867827070178464,2.1224242712058556,2.15222189055755,75,75,75,7.905694150420948e-09,400.0,0.9999955543014749
76,0.08798299901536666,2.1224242712058556,2.15222189055755,76,76,76,7.905694150420948e-09,400.0,0.9999955543014749
77,0.08909424902230967,2.11083706805124,2.154849419814902,77,77,77,7.905694150420948e-09,400.0,0.9999955543014749
78,0.09029929002281278,2.11083706805124,2.154849419814902,78,78,78,7.905694150420948e-09,400.0,0.9999955543014749
79,0.09140574902994558,2.0992215836859676,2.1574695969996673,79,79,79,7.905694150420948e-09,400.0,0.9999955543014749
80,0.09261633302958217,2.0992215836859676,2.1574695969996673,80,80,80,7.905694150420948e-09,400.0,0.9999955543014749
81,0.09372845802863594,2.0875778660394775,2.160081281551437,81,81,81,7.905694150420948e-09,400.0,0.9999955543014749
82,0.09493041603127494,2.0875778660394775,2.160081281551437,82,82,82,7.905694150420948e-09,400.0,0.9999955543014749
83,0.09603804103971925,2.0759059758109344,2.162683278064153,83,83,83,7.905694150420948e-09,400.0,0.9999955543014749
84,0.0972439580509672,2.0759059758109344,2.162683278064153,84,84,84,7.905694150420948e-09,400.0,0.9999955543014749
85,0.09839333305717446,2.064205987127316,2.1652743341796468,85,85,85,7.905694150420948e-09,400.0,0.9999955543014749
86,0.09960266605776269,2.064205987127316,2.1652743341796468,86,86,86,7.905694150420948e-09,400.0,0.9999955543014749
87,0.10071358305867761,2.0524779882275097,2.167853138430844,87,87,87,7.905694150420948e-09,400.0,0.9999955543014749
88,0.10191695805406198,2.0524779882275097,2.167853138430844,88,88,88,7.905694150420948e-09,400.0,0.9999955543014749
89,0.10302329206024297,2.0407220821729624,2.1704183180366607,89,89,89,7.905694150420948e-09,400.0,0.9999955543014749
90,0.10422916706011165,2.0407220821729624,2.1704183180366607,90,90,90,7.905694150420948e-09,400.0,0.9999955543014749
91,0.10533016706176568,2.0289383875854816,2.17296843665113,91,91,91,7.905694150420948e-09,400.0,0.9999955543014749
92,0.10652966705674771,2.0289383875854816,2.17296843665113,92,92,92,7.905694150420948e-09,400.0,0.9999955543014749
93,0.10763804205635097,2.01712703941266,2.175501992069766,93,93,93,7.905694150420948e-09,400.0,0.9999955543014749
94,0.10883612505858764,2.01712703941266,2.175501992069766,94,94,94,7.905694150420948e-09,400.0,0.9999955543014749
95,0.10994975005451124,2.0052881897214037,2.178017413896759,95,95,95,7.905694150420948e-09,400.0,0.9999955543014749
96,0.11115520905877929,2.0052881897214037,2.178017413896759,96,96,96,7.905694150420948e-09,400.0,0.9999955543014749
97,0.11225783405825496,1.993422008519971,2.1805130611771775,97,97,97,7.905694150420948e-09,400.0,0.9999955543014749
98,0.11346516806224827,1.993422008519971,2.1805130611771775,98,98,98,7.905694150420948e-09,400.0,0.9999955543014749
99,0.11457625207549427,1.9815286846088425,2.1829872199990272,99,99,99,7.905694150420948e-09,400.0,0.9999955543014749
100,0.11578071006806567,1.9815286846088425,2.1829872199990272,100,100,100,7.905694150420948e-09,400.0,0.9999955543014749
101,0.11704158506472595,1.9696084264607066,2.185438101070753,101,101,101,7.905694150420948e-09,400.0,0.9999955543014749
102,0.11831016806536354,1.9696084264607066,2.185438101070753,102,102,102,7.905694150420948e-09,400.0,0.9999955543014749
103,0.11945375106006395,1.9576614631297218,2.187863837280522,103,103,103,7.905694150420948e-09,400.0,0.9999955543014749
104,0.12071566806116607,1.9576614631297218,2.187863837280522,104,104,104,7.905694150420948e-09,400.0,0.9999955543014749
105,0.12183358505717479,1.9456880451901377,2.1902624812444897,105,105,105,7.905694150420948e-09,400.0,0.9999955543014749
106,0.12305883505905513,1.9456880451901377,2.1902624812444897,106,106,106,7.905694150420948e-09,400.0,0.9999955543014749
107,0.12416525205480866,1.9336884457042458,2.1926320028521724,107,107,107,7.905694150420948e-09,400.0,0.9999955543014749
108,0.12537608605634887,1.9336884457042458,2.1926320028521724,108,108,108,7.905694150420948e-09,400.0,0.9999955543014749
109,0.12648283604357857,1.9216629612195042,2.1949702868179894,109,109,109,7.905694150420948e-09,400.0,0.9999955543014749
110,0.12788812804501504,1.9216629612195042,2.1949702868179894,110,110,110,7.905694150420948e-09,400.0,0.9999955543014749
111,0.12902875304280315,1.9096119127945326,2.1972751302491402,111,111,111,7.905694150420948e-09,400.0,0.9999955543014749
112,0.1302411690412555,1.9096119127945326,2.1972751302491402,112,112,112,7.905694150420948e-09,400.0,0.9999955543014749
113,0.13132933503948152,1.8975356470535505,2.1995442402410452,113,113,113,7.905694150420948e-09,400.0,0.9999955543014749
114,0.1325538350502029,1.8975356470535505,2.1995442402410452,114,114,114,7.905694150420948e-09,400.0,0.9999955543014749
115,0.13364471004751977,1.8854345372686292,2.2017752315128205,115,115,115,7.905694150420948e-09,400.0,0.9999955543014749
116,0.13484179304214194,1.8854345372686292,2.2017752315128205,116,116,116,7.905694150420948e-09,400.0,0.9999955543014749
117,0.1359355010499712,1.8733089844689546,2.2039656240964733,117,117,117,7.905694150420948e-09,400.0,0.9999955543014749
118,0.137632709054742,1.8733089844689546,2.2039656240964733,118,118,118,7.905694150420948e-09,400.0,0.9999955543014749
119,0.13876537505711894,1.861159418576105,2.2061128410948734,119,119,119,7.905694150420948e-09,400.0,0.9999955543014749
120,0.13998233305756003,1.861159418576105,2.2061128410948734,120,120,120,7.905694150420948e-09,400.0,0.9999955543014749
121,0.14110433305904735,1.8489862995641173,2.2082142065249317,121,121,121,7.905694150420948e-09,400.0,0.9999955543014749
122,0.14231825005845167,1.8489862995641173,2.2082142065249317,122,122,122,7.905694150420948e-09,400.0,0.9999955543014749
123,0.14343433306203224,1.8367901186428524,2.2102669432638975,123,123,123,7.905694150420948e-09,400.0,0.9999955543014749
124,0.14464020806190092,1.8367901186428524,2.2102669432638975,124,124,124,7.905694150420948e-09,400.0,0.9999955543014749
125,0.1457486240688013,1.8245713994629398,2.212268171118206,125,125,125,7.905694150420948e-09,400.0,0.9999955543014749
126,0.14699524907337036,1.8245713994629398,2.212268171118206,126,126,126,7.905694150420948e-09,400.0,0.9999955543014749
127,0.14818741606723052,1.8123306993402912,2.2142149050358957,127,127,127,7.905694150420948e-09,400.0,0.9999955543014749
128,0.14942912507103756,1.8123306993402912,2.2142149050358957,128,128,128,7.905694150420948e-09,400.0,0.9999955543014749
129,0.1505256660748273,1.8000686104978245,2.216104053485243,129,129,129,7.905694150420948e-09,400.0,0.9999955543014749
130,0.15172504108340945,1.8000686104978245,2.216104053485243,130,130,130,7.905694150420948e-09,400.0,0.9999955543014749
131,0.15283875007298775,1.7877857613217853,2.217932417023933,131,131,131,7.905694150420948e-09,400.0,0.9999955543014749
132,0.15408858307637274,1.7877857613217853,2.217932417023933,132,132,132,7.905694150420948e-09,400.0,0.9999955543014749
133,0.1553983330813935,1.7754828176296213,2.2196966870847823,133,133,133,7.905694150420948e-09,400.0,0.9999955543014749
134,0.15670475008664653,1.7754828176296213,2.2196966870847823,134,134,134,7.905694150420948e-09,400.0,0.9999955543014749
135,0.15782458308967762,1.763160483946064,2.221393445005736,135,135,135,7.905694150420948e-09,400.0,0.9999955543014749
136,0.15907229208096396,1.763160483946064,2.221393445005736,136,136,136,7.905694150420948e-09,400.0,0.9999955543014749
137,0.160179875078029,1.750819504783614,2.223019161333581,137,137,137,7.905694150420948e-09,400.0,0.9999955543014749
138,0.16139270908024628,1.750819504783614,2.223019161333581,138,138,138,7.905694150420948e-09,400.0,0.9999955543014749
139,0.16251683408336248,1.7384606659232584,2.224570195432488,139,139,139,7.905694150420948e-09,400.0,0.9999955543014749
140,0.16376845908234827,1.7384606659232584,2.224570195432488,140,140,140,7.905694150420948e-09,400.0,0.9999955543014749
141,0.16511429207457695,1.7260847956907754,2.22604279543015,141,141,141,7.905694150420948e-09,400.0,0.9999955543014749
142,0.16644137508410495,1.7260847956907754,2.22604279543015,142,142,142,7.905694150420948e-09,400.0,0.9999955543014749
143,0.16758333308098372,1.7136927662235333,2.227433098535851,143,143,143,7.905694150420948e-09,400.0,0.9999955543014749
144,0.16880979208508506,1.7136927662235333,2.227433098535851,144,144,144,7.905694150420948e-09,400.0,0.9999955543014749
145,0.16996416708570905,1.7012854947222307,2.228737131766292,145,145,145,7.905694150420948e-09,400.0,0.9999955543014749
146,0.1711855000758078,1.7012854947222307,2.228737131766292,146,146,146,7.905694150420948e-09,400.0,0.9999955543014749
147,0.172475417071837,1.6888639446814977,2.2299508131163184,147,147,147,7.905694150420948e-09,400.0,0.9999955543014749
148,0.17392858405946754,1.6888639446814977,2.2299508131163184,148,148,148,7.905694150420948e-09,400.0,0.9999955543014749
149,0.17521079305151943,1.6764291270928007,2.231069953212926,149,149,149,7.905694150420948e-09,400.0,0.9999955543014749
150,0.17643212604161818,1.6764291270928007,2.231069953212926,150,150,150,7.905694150420948e-09,400.0,0.9999955543014749
151,0.17755446003866382,1.663982101612563,2.232090257491872,151,151,151,7.905694150420948e-09,400.0,0.9999955543014749
152,0.1787979600339895,1.663982101612563,2.232090257491872,152,152,152,7.905694150420948e-09,400.0,0.9999955543014749
153,0.17992929404135793,1.6515239776878925,2.2330073289369663,153,153,153,7.905694150420948e-09,400.0,0.9999955543014749
154,0.18120033503510058,1.6515239776878925,2.2330073289369663,154,154,154,7.905694150420948e-09,400.0,0.9999955543014749
155,0.1824913770396961,1.639055915631771,2.2338166714225927,155,155,155,7.905694150420948e-09,400.0,0.9999955543014749
156,0.1841362100385595,1.639055915631771,2.2338166714225927,156,156,156,7.905694150420948e-09,400.0,0.9999955543014749
157,0.18528279404563364,1.626579127639068,2.234513693700114,157,157,157,7.905694150420948e-09,400.0,0.9999955543014749
158,0.1865139600558905,1.626579127639068,2.234513693700114,158,158,158,7.905694150420948e-09,400.0,0.9999955543014749
159,0.18768225105304737,1.6140948787341778,2.235093714068528,159,159,159,7.905694150420948e-09,400.0,0.9999955543014749
160,0.18880908405117225,1.5891143648806398,2.2358564288666436,160,160,160,7.905694150420948e-09,400.0,0.9999955543014749
161,0.1899232090509031,1.551639621921949,2.2359864245134253,161,161,161,7.905694150420948e-09,400.0,0.9999955543014749
162,0.19118850005907007,1.50173140551456,2.2343301639589175,162,162,162,7.905694150420948e-09,400.0,0.9999955543014749
163,0.19261475006351247,1.4395829617943174,2.229483285114712,163,163,163,7.905694150420948e-09,400.0,0.9999955543014749
164,0.19375637506891508,1.3656360772054277,2.2200120993451415,164,164,164,7.905694150420948e-09,400.0,0.9999955543014749
165,0.19486300006974488,1.2807512700013883,2.2051287946113076,165,165,165,7.905694150420948e-09,400.0,0.9999955543014749
166,0.195999792063958,1.1864193835816796,2.1860575786743146,166,166,166,7.905694150420948e-09,400.0,0.9999955543014749
167,0.19710645906161517,1.084934845560947,2.1675538790255575,167,167,167,7.905694150420948e-09,400.0,0.9999955543014749
168,0.19821354206942488,0.9793447768475699,2.1564446913449964,168,168,168,7.905694150420948e-09,400.0,0.9999955543014749
169,0.19936141707876232,0.8729653619202885,2.150632048123233,169,169,169,7.905694150420948e-09,400.0,0.9999955543014749
170,0.20065325107134413,0.7685970789982149,2.1192301665631903,170,170,170,7.905694150420948e-09,400.0,0.9999955543014749
171,0.20210704307828564,0.6681992893204337,2.0025924416309064,171,171,171,7.905694150420948e-09,400.0,0.9999955543014749
172,0.20334287607693113,0.5734985556101679,1.764297188535679,172,172,172,7.905694150420948e-09,400.0,0.9999955543014749
173,0.20452870907320175,0.48637241944174375,1.450475895358723,173,173,173,7.905694150420948e-09,400.0,0.9999955543014749
174,0.20567895907151978,0.4080642143536054,1.1575345246723867,174,174,174,7.905694150420948e-09,400.0,0.9999955543014749
175,0.20681312606029678,0.3386850974839661,0.9333107272969132,175,175,175,7.905694150420948e-09,400.0,0.9999955543014749
176,0.2081061260541901,0.2777579235251247,0.7684159700615888,176,176,176,7.905694150420948e-09,400.0,0.9999955543014749
177,0.20936129304755013,0.22469165004545932,0.6590454932151559,177,177,177,7.905694150420948e-09,400.0,0.9999955543014749
178,0.21056575104012154,0.1788545459060251,0.6042372406990932,178,178,178,7.905694150420948e-09,400.0,0.9999955543014749
179,0.211693584031309,0.13961515436141841,0.5922720658847679,179,179,179,7.905694150420948e-09,400.0,0.9999955543014749
180,0.2128533760405844,0.10637515467633235,0.6058385383812833,180,180,180,7.905694150420948e-09,400.0,0.9999955543014749
181,0.21396487604943104,0.07858604486123642,0.63222059424155,181,181,181,7.905694150420948e-09,400.0,0.9999955543014749
182,0.2150900430569891,0.055745345321459985,0.6599344280620282,182,182,182,7.905694150420948e-09,400.0,0.9999955543014749
183,0.21620158504811116,0.03740704991225666,0.6895672085628856,183,183,183,7.905694150420948e-09,400.0,0.9999955543014749
184,0.2173637100495398,0.02315289859823803,0.7065537628055096,184,184,184,7.905694150420948e-09,400.0,0.9999955543014749
185,0.21873183504794724,0.012646982996143264,0.7429456547555148,185,185,185,7.905694150420948e-09,400.0,0.9999955543014749
186,0.21995029305981006,0.005477510480518503,0.7031939873766219,186,186,186,7.905694150420948e-09,400.0,0.9999955543014749
187,0.22106366806838196,0.001609041302087137,0.8950631165007905,187,187,187,7.905694150420948e-09,400.0,0.9999955543014749
188,0.22218054307450075,3.2588966454012095e-05,0.23776912489342875,188,188,188,7.905694150420948e-09,400.0,0.9999955543014749
189,0.22328700208163355,0.005276410069902515,2.8608353849353323,189,189,189,7.905694150420948e-09,400.0,0.9999955543014749
190,0.22447571107477415,0.035610497292164325,8.30067221157208,190,190,190,7.905694150420948e-09,400.0,0.9999955543014749
191,0.22565204407146666,0.789372013280152,41.76024372765882,191,191,191,7.905694150420948e-09,400.0,0.9999955543014749
192,0.2270111270772759,14.899908453608711,210.88347392500793,192,192,192,7.905694150420948e-09,400.0,0.9999955543014749
193,0.22818454407388344,284.94999832391716,342.6809231848306,193,193,193,7.905694150420948e-09,400.0,0.9999955543014749
194,0.22942466907261405,284.94999832391716,342.6809231848306,194,194,194,7.905694150420948e-09,400.0,0.9999955543014749
195,0.23055896107689478,63.28973564552668,176.66598294352877,195,195,195,7.905694150420948e-09,400.0,0.9999955543014749
196,0.23166650308121461,0.5463637358915303,7.390278963518587,196,196,196,7.905694150420948e-09,400.0,0.9999955543014749
197,0.232801962090889,7.156249820674623,50.2042547733239,197,197,197,7.905694150420948e-09,400.0,0.9999955543014749
198,0.23391642009664793,8.378474591485443,54.75476428101819,198,198,198,7.905694150420948e-09,400.0,0.9999955543014749
199,0.2351743780891411,3.1258179757678684,28.762575200033513,199,199,199,7.905694150420948e-09,400.0,0.9999955543014749
200,0.23648875308572315,1.4166707036899218,2.515845447901114,200,200,200,7.905694150420948e-09,400.0,0.9999955543014749
201,0.2376603780867299,1.8639026513844095,10.593619235314717,201,201,201,7.905694150420948e-09,400.0,0.9999955543014749
202,0.23885258608788718,1.9509708306184852,5.827844071556206,202,202,202,7.905694150420948e-09,400.0,0.9999955543014749
203,0.24000862808316015,2.1197689868962986,2.1877120785161375,203,203,203,7.905694150420948e-09,400.0,0.9999955543014749
204,0.2411508370860247,2.3115933709584335,2.2693859877290357,204,204,204,7.905694150420948e-09,400.0,0.9999955543014749
205,0.2423757530923467,2.3115933709584335,2.2693859877290357,205,205,205,7.905694150420948e-09,400.0,0.9999955543014749
206,0.2436568780831294,2.299621469236654,2.1110947066565315,206,206,206,7.905694150420948e-09,400.0,0.9999955543014749
207,0.24482800308032893,2.2773315709981192,2.1163466641492974,207,207,207,7.905694150420948e-09,400.0,0.9999955543014749
208,0.2460666280821897,2.2773315709981192,2.1163466641492974,208,208,208,7.905694150420948e-09,400.0,0.9999955543014749
209,0.24717829408473335,2.26612801595385,2.118850835951061,209,209,209,7.905694150420948e-09,400.0,0.9999955543014749
210,0.24840441909327637,2.26612801595385,2.118850835951061,210,210,210,7.905694150420948e-09,400.0,0.9999955543014749
211,0.24951096008589957,2.2548972061098156,2.1214934364873623,211,211,211,7.905694150420948e-09,400.0,0.9999955543014749
212,0.2507451270939782,2.2548972061098156,2.1214934364873623,212,212,212,7.905694150420948e-09,400.0,0.9999955543014749
213,0.25185341910400894,2.2436383680031358,2.1241386867788545,213,213,213,7.905694150420948e-09,400.0,0.9999955543014749
214,0.25331246010318864,2.2436383680031358,2.1241386867788545,214,214,214,7.905694150420948e-09,400.0,0.9999955543014749
215,0.254468252096558,2.2323514376447915,2.1267864504191727,215,215,215,7.905694150420948e-09,400.0,0.9999955543014749
216,0.25575566809857264,2.2323514376447915,2.1267864504191727,216,216,216,7.905694150420948e-09,400.0,0.9999955543014749
217,0.256885460097692,2.221036355008711,2.129436084558324,217,217,217,7.905694150420948e-09,400.0,0.9999955543014749
218,0.258103168089292,2.221036355008711,2.129436084558324,218,218,218,7.905694150420948e-09,400.0,0.9999955543014749
219,0.25925116809958126,2.2096930668983745,2.1320869147846797,219,219,219,7.905694150420948e-09,400.0,0.9999955543014749
220,0.2605132510943804,2.2096930668983745,2.1320869147846797,220,220,220,7.905694150420948e-09,400.0,0.9999955543014749
221,0.2616447510954458,2.1983215273364762,2.1347382308706897,221,221,221,7.905694150420948e-09,400.0,0.9999955543014749
222,0.2628579590964364,2.1983215273364762,2.1347382308706897,222,222,222,7.905694150420948e-09,400.0,0.9999955543014749
223,0.2639843341021333,2.1869216979876374,2.1373892852366883,223,223,223,7.905694150420948e-09,400.0,0.9999955543014749
224,0.26518958411179483,2.1869216979876374,2.1373892852366883,224,224,224,7.905694150420948e-09,400.0,0.9999955543014749
225,0.2662975011189701,2.175493548600074,2.140039291366112,225,225,225,7.905694150420948e-09,400.0,0.9999955543014749
226,0.2675001261231955,2.175493548600074,2.140039291366112,226,226,226,7.905694150420948e-09,400.0,0.9999955543014749
227,0.2686131681257393,2.1640370574668766,2.142687422166793,227,227,227,7.905694150420948e-09,400.0,0.9999955543014749
228,0.2698182511230698,2.1640370574668766,2.142687422166793,228,228,228,7.905694150420948e-09,400.0,0.9999955543014749
229,0.27093712611531373,2.1525522119075604,2.145332808277709,229,229,229,7.905694150420948e-09,400.0,0.9999955543014749
230,0.27214675112918485,2.1525522119075604,2.145332808277709,230,230,230,7.905694150420948e-09,400.0,0.9999955543014749
231,0.2732545841281535,2.141039008770583,2.1479745363207954,231,231,231,7.905694150420948e-09,400.0,0.9999955543014749
232,0.27446554313064553,2.141039008770583,2.1479745363207954,232,232,232,7.905694150420948e-09,400.0,0.9999955543014749
233,0.27557862612593453,2.129497454957506,2.1506116470975756,233,233,233,7.905694150420948e-09,400.0,0.9999955543014749
234,0.2767880011233501,2.129497454957506,2.1506116470975756,234,234,234,7.905694150420948e-09,400.0,0.9999955543014749
235,0.2778954181121662,2.1179275679694767,2.153243133730583,235,235,235,7.905694150420948e-09,400.0,0.9999955543014749
236,0.2791047521168366,2.1179275679694767,2.153243133730583,236,236,236,7.905694150420948e-09,400.0,0.9999955543014749
237,0.28029083511501085,2.10632937647672,2.1558679397497498,237,237,237,7.905694150420948e-09,400.0,0.9999955543014749
238,0.281588876110618,2.10632937647672,2.1558679397497498,238,238,238,7.905694150420948e-09,400.0,0.9999955543014749
239,0.28269921011815313,2.0947029209117045,2.1584849571242355,239,239,239,7.905694150420948e-09,400.0,0.9999955543014749
240,0.28390275211131666,2.0947029209117045,2.1584849571242355,240,240,240,7.905694150420948e-09,400.0,0.9999955543014749
241,0.28499425209884066,2.083048254086659,2.1610930242403925,241,241,241,7.905694150420948e-09,400.0,0.9999955543014749
242,0.28618496110721026,2.083048254086659,2.1610930242403925,242,242,242,7.905694150420948e-09,400.0,0.9999955543014749
243,0.2872721271123737,2.071365441836062,2.163690923826943,243,243,243,7.905694150420948e-09,400.0,0.9999955543014749
244,0.28846104312106036,2.071365441836062,2.163690923826943,244,244,244,7.905694150420948e-09,400.0,0.9999955543014749
245,0.28954562611761503,2.0596545636847687,2.166277380828751,245,245,245,7.905694150420948e-09,400.0,0.9999955543014749
246,0.29073200112907216,2.0596545636847687,2.166277380828751,246,246,246,7.905694150420948e-09,400.0,0.9999955543014749
247,0.2918312511174008,2.047915713542346,2.168851060230999,247,247,247,7.905694150420948e-09,400.0,0.9999955543014749
248,0.29322012611373793,2.047915713542346,2.168851060230999,248,248,248,7.905694150420948e-09,400.0,0.9999955543014749
249,0.29455791811051313,2.036149000424207,2.171410564835979,249,249,249,7.905694150420948e-09,400.0,0.9999955543014749
250,0.2959120841114782,2.036149000424207,2.171410564835979,250,250,250,7.905694150420948e-09,400.0,0.9999955543014749
251,0.2972023761103628,2.024354549200078,2.173954432995229,251,251,251,7.905694150420948e-09,400.0,0.9999955543014749
252,0.29859158510225825,2.024354549200078,2.173954432995229,252,252,252,7.905694150420948e-09,400.0,0.9999955543014749
253,0.29989604408910964,2.012532501370291,2.1764811363002248,253,253,253,7.905694150420948e-09,400.0,0.9999955543014749
254,0.301303461092175,2.012532501370291,2.1764811363002248,254,254,254,7.905694150420948e-09,400.0,0.9999955543014749
255,0.30251479407888837,2.0006830158703366,2.178989077235451,255,255,255,7.905694150420948e-09,400.0,0.9999955543014749
256,0.30384900208446197,2.0006830158703366,2.178989077235451,256,256,256,7.905694150420948e-09,400.0,0.9999955543014749
257,0.3049967520782957,1.988806269904061,2.181476586798284,257,257,257,7.905694150420948e-09,400.0,0.9999955543014749
258,0.3062332520785276,1.988806269904061,2.181476586798284,258,258,258,7.905694150420948e-09,400.0,0.9999955543014749
259,0.3074923360691173,1.9769024598058234,2.183941922090812,259,259,259,7.905694150420948e-09,400.0,0.9999955543014749
260,0.30876321106916294,1.9769024598058234,2.183941922090812,260,260,260,7.905694150420948e-09,400.0,0.9999955543014749
261,0.30990846105851233,1.9649718019318294,2.1863832638894585,261,261,261,7.905694150420948e-09,400.0,0.9999955543014749
262,0.31114858605724294,1.9649718019318294,2.1863832638894585,262,262,262,7.905694150420948e-09,400.0,0.9999955543014749
263,0.3122865020559402,1.9530145335807962,2.1887987141990854,263,263,263,7.905694150420948e-09,400.0,0.9999955543014749
264,0.3135181270481553,1.9530145335807962,2.1887987141990854,264,264,264,7.905694150420948e-09,400.0,0.9999955543014749
265,0.3146532100508921,1.9410309139439728,2.19118629379912,265,265,265,7.905694150420948e-09,400.0,0.9999955543014749
266,0.3158704180532368,1.9410309139439728,2.19118629379912,266,266,266,7.905694150420948e-09,400.0,0.9999955543014749
267,0.31704541806539055,1.9290212250844463,2.1935439397901857,267,267,267,7.905694150420948e-09,400.0,0.9999955543014749
268,0.3182698340533534,1.9290212250844463,2.1935439397901857,268,268,268,7.905694150420948e-09,400.0,0.9999955543014749
269,0.31937908404506743,1.91698577294552,2.1958695031507274,269,269,269,7.905694150420948e-09,400.0,0.9999955543014749
270,0.32061795904883184,1.91698577294552,2.1958695031507274,270,270,270,7.905694150420948e-09,400.0,0.9999955543014749
271,0.32174695904541295,1.904924888387823,2.198160746314189,271,271,271,7.905694150420948e-09,400.0,0.9999955543014749
272,0.32295670904568397,1.904924888387823,2.198160746314189,272,272,272,7.905694150420948e-09,400.0,0.9999955543014749
273,0.32406279304996133,1.8928389282546254,2.20041534077846,273,273,273,7.905694150420948e-09,400.0,0.9999955543014749
274,0.3254069180547958,1.8928389282546254,2.20041534077846,274,274,274,7.905694150420948e-09,400.0,0.9999955543014749
275,0.3265211680554785,1.8807282764646918,2.202630864760513,275,275,275,7.905694150420948e-09,400.0,0.9999955543014749
276,0.3277297930471832,1.8807282764646918,2.202630864760513,276,276,276,7.905694150420948e-09,400.0,0.9999955543014749
277,0.3288411270477809,1.868593345131775,2.2048048009104435,277,277,277,7.905694150420948e-09,400.0,0.9999955543014749
278,0.3300454600394005,1.868593345131775,2.2048048009104435,278,278,278,7.905694150420948e-09,400.0,0.9999955543014749
279,0.33115625103528146,1.8564345757096838,2.206934534100507,279,279,279,7.905694150420948e-09,400.0,0.9999955543014749
280,0.33237245903001167,1.8564345757096838,2.206934534100507,280,280,280,7.905694150420948e-09,400.0,0.9999955543014749
281,0.3334817090362776,1.8442524401615805,2.209017349306131,281,281,281,7.905694150420948e-09,400.0,0.9999955543014749
282,0.3347960010432871,1.8442524401615805,2.209017349306131,282,282,282,7.905694150420948e-09,400.0,0.9999955543014749
283,0.33594483503839,1.8320474421519555,2.2110504295974156,283,283,283,7.905694150420948e-09,400.0,0.9999955543014749
284,0.33715696004219353,1.8320474421519555,2.2110504295974156,284,284,284,7.905694150420948e-09,400.0,0.9999955543014749
285,0.3382540430466179,1.8198201182594218,2.2130308542611514,285,285,285,7.905694150420948e-09,400.0,0.9999955543014749
286,0.3394560010492569,1.8198201182594218,2.2130308542611514,286,286,286,7.905694150420948e-09,400.0,0.9999955543014749
287,0.34054700104752555,1.8075710392082087,2.21495559707501,287,287,287,7.905694150420948e-09,400.0,0.9999955543014749
288,0.34175833404879086,1.8075710392082087,2.21495559707501,288,288,288,7.905694150420948e-09,400.0,0.9999955543014749
289,0.3428469170466997,1.7953008111158906,2.2168215247571963,289,289,289,7.905694150420948e-09,400.0,0.9999955543014749
290,0.34428250104247127,1.7953008111158906,2.2168215247571963,290,290,290,7.905694150420948e-09,400.0,0.9999955543014749
291,0.3454154600331094,1.7830100767545691,2.218625395616533,291,291,291,7.905694150420948e-09,400.0,0.9999955543014749
292,0.3466960850346368,1.7830100767545691,2.218625395616533,292,292,292,7.905694150420948e-09,400.0,0.9999955543014749
293,0.34781996003584936,1.7706995168223587,2.220363858429669,293,293,293,7.905694150420948e-09,400.0,0.9999955543014749
294,0.3490547930414323,1.7706995168223587,2.220363858429669,294,294,294,7.905694150420948e-09,400.0,0.9999955543014749
295,0.350177752043237,1.7583698512216517,2.2220334515737847,295,295,295,7.905694150420948e-09,400.0,0.9999955543014749
296,0.3513910860347096,1.7583698512216517,2.2220334515737847,296,296,296,7.905694150420948e-09,400.0,0.9999955543014749
297,0.3525574200466508,1.7460218403402115,2.223630602444904,297,297,297,7.905694150420948e-09,400.0,0.9999955543014749
298,0.3539225450513186,1.7460218403402115,2.223630602444904,298,298,298,7.905694150420948e-09,400.0,0.9999955543014749
299,0.3550500860437751,1.7336562863307556,2.22515162719357,299,299,299,7.905694150420948e-09,400.0,0.9999955543014749
300,0.3562760860513663,1.7336562863307556,2.22515162719357,300,300,300,7.905694150420948e-09,400.0,0.9999955543014749
301,0.35742487804964185,1.7212740343841952,2.2265927308112596,301,301,301,7.905694150420948e-09,400.0,0.9999955543014749
302,0.3586406700487714,1.7212740343841952,2.2265927308112596,302,302,302,7.905694150420948e-09,400.0,0.9999955543014749
303,0.35973850305890664,1.708875973991275,2.2279500076024874,303,303,303,7.905694150420948e-09,400.0,0.9999955543014749
304,0.36126154505473096,1.708875973991275,2.2279500076024874,304,304,304,7.905694150420948e-09,400.0,0.9999955543014749
305,0.36275908605603036,1.696463040186854,2.229219442078926,305,305,305,7.905694150420948e-09,400.0,0.9999955543014749
306,0.36408321105409414,1.696463040186854,2.229219442078926,306,306,306,7.905694150420948e-09,400.0,0.9999955543014749
307,0.36521950305905193,1.6840362147705548,2.2303969103132144,307,307,307,7.905694150420948e-09,400.0,0.9999955543014749
308,0.36644350306596607,1.6840362147705548,2.2303969103132144,308,308,308,7.905694150420948e-09,400.0,0.9999955543014749
309,0.3675650450750254,1.6715965274970317,2.2314781817911995,309,309,309,7.905694150420948e-09,400.0,0.9999955543014749
310,0.368786962077138,1.6715965274970317,2.2314781817911995,310,310,310,7.905694150420948e-09,400.0,0.9999955543014749
311,0.37001325307937805,1.6591450572285602,2.232458921802284,311,311,311,7.905694150420948e-09,400.0,0.9999955543014749
312,0.3714695030794246,1.6591450572285602,2.232458921802284,312,312,312,7.905694150420948e-09,400.0,0.9999955543014749
313,0.3728115030680783,1.646682933042132,2.2333346944081622,313,313,313,7.905694150420948e-09,400.0,0.9999955543014749
314,0.37406837806338444,1.646682933042132,2.2333346944081622,314,314,314,7.905694150420948e-09,400.0,0.9999955543014749
315,0.3752125860628439,1.6342113352827208,2.2341009660305824,315,315,315,7.905694150420948e-09,400.0,0.9999955543014749
316,0.37645183606946375,1.6342113352827208,2.2341009660305824,316,316,316,7.905694150420948e-09,400.0,0.9999955543014749
317,0.37760212806460913,1.6217314965538556,2.2347531096987145,317,317,317,7.905694150420948e-09,400.0,0.9999955543014749
318,0.37896621206891723,1.6217314965538556,2.2347531096987145,318,318,318,7.905694150420948e-09,400.0,0.9999955543014749
319,0.3802650040597655,1.6092447026361338,2.23528640999632,319,319,319,7.905694150420948e-09,400.0,0.9999955543014749
320,0.38152437905955594,1.584260458610352,2.235949603052989,320,320,320,7.905694150420948e-09,400.0,0.9999955543014749
321,0.38301183706789743,1.546783579585211,2.2359155135493185,321,321,321,7.905694150420948e-09,400.0,0.9999955543014749
322,0.38413046205823775,1.4968796100753647,2.234016577706886,322,322,322,7.905694150420948e-09,400.0,0.9999955543014749
323,0.3852741290611448,1.4347494016520086,2.2288370201014605,323,323,323,7.905694150420948e-09,400.0,0.9999955543014749
324,0.3863847120665014,1.3608460056902738,2.2189410349852845,324,324,324,7.905694150420948e-09,400.0,0.9999955543014749
325,0.38749512907816097,1.2760452094504136,2.203559020487001,325,325,325,7.905694150420948e-09,400.0,0.9999955543014749
326,0.3887055870727636,1.1818556398948832,2.1839620656130765,326,326,326,7.905694150420948e-09,400.0,0.9999955543014749
327,0.3901847950764932,1.0805865644898267,2.164947291827914,327,327,327,7.905694150420948e-09,400.0,0.9999955543014749
328,0.3913440030737547,0.9752868901982706,2.153225291834122,328,328,328,7.905694150420948e-09,400.0,0.9999955543014749
329,0.3924558780709049,0.8692535221186168,2.146207060048387,329,329,329,7.905694150420948e-09,400.0,0.9999955543014749
330,0.3936146700725658,0.7652563475060348,2.112408411606635,330,330,330,7.905694150420948e-09,400.0,0.9999955543014749
331,0.3947480030619772,0.6652403060216026,1.9926594196294563,331,331,331,7.905694150420948e-09,400.0,0.9999955543014749
332,0.3958499620639486,0.5709366481648521,1.7526665717853782,332,332,332,7.905694150420948e-09,400.0,0.9999955543014749
333,0.3971472530683968,0.48420987408280775,1.440240104773195,333,333,333,7.905694150420948e-09,400.0,0.9999955543014749
334,0.3985449620668078,0.4062690654407085,1.1504608187096597,334,334,334,7.905694150420948e-09,400.0,0.9999955543014749
335,0.3997464620770188,0.3372078346752432,0.928739767854607,335,335,335,7.905694150420948e-09,400.0,0.9999955543014749
336,0.4008518780756276,0.27655204962342306,0.7654780642057352,336,336,336,7.905694150420948e-09,400.0,0.9999955543014749
337,0.401997461085557,0.2237164356384389,0.6574152315720294,337,337,337,7.905694150420948e-09,400.0,0.9999955543014749
338,0.40313737708493136,0.17807388626719323,0.6033727856799029,338,338,338,7.905694150420948e-09,400.0,0.9999955543014749
339,0.40432391907961573,0.13899788265197682,0.5917129227877036,339,339,339,7.905694150420948e-09,400.0,0.9999955543014749
340,0.4056431690842146,0.10589433896746642,0.60517224871008,340,340,340,7.905694150420948e-09,400.0,0.9999955543014749
341,0.40694533608620986,0.07821879574797384,0.6314347005093593,341,341,341,7.905694150420948e-09,400.0,0.9999955543014749
342,0.4082155440846691,0.05547159029114667,0.658723075524681,342,342,342,7.905694150420948e-09,400.0,0.9999955543014749
343,0.4093257940839976,0.03721029931698116,0.6885459005431322,343,343,343,7.905694150420948e-09,400.0,0.9999955543014749
344,0.4104890860908199,0.023017054595456214,0.7043020855414455,344,344,344,7.905694150420948e-09,400.0,0.9999955543014749
345,0.4116097520891344,0.012562775588060977,0.7434894271942144,345,345,345,7.905694150420948e-09,400.0,0.9999955543014749
346,0.41272941809438635,0.005423969225921223,0.6945694394484748,346,346,346,7.905694150420948e-09,400.0,0.9999955543014749
347,0.4138527930917917,0.0016113137484270038,0.9169670884977862,347,347,347,7.905694150420948e-09,400.0,0.9999955543014749
348,0.4151583770872094,1.6252433987320818e-05,0.1475149708123574,348,348,348,7.905694150420948e-09,400.0,0.9999955543014749
349,0.41661554409074597,0.006302809527910518,3.213801227712884,349,349,349,7.905694150420948e-09,400.0,0.9999955543014749
350,0.41780504408234265,0.047898502498925,9.843196145275476,350,350,350,7.905694150420948e-09,400.0,0.9999955543014749
351,0.418983794079395,1.0732344674028234,48.5718799479389,351,351,351,7.905694150420948e-09,400.0,0.9999955543014749
352,0.4201057530735852,19.85873284499586,246.66661897195937,352,352,352,7.905694150420948e-09,400.0,0.9999955543014749
353,0.42122775307507254,299.2810294590881,358.62615375917306,353,353,353,7.905694150420948e-09,400.0,0.9999955543014749
354,0.42234250306501053,83.13844716062928,463.49132148918255,354,354,354,7.905694150420948e-09,400.0,0.9999955543014749
355,0.42367975307570305,2277.56847013076,5782.852764855644,355,355,355,7.905694150420948e-09,400.0,0.9999955543014749
356,0.4249370440666098,1092887931189.5282,13522351878.435558,356,356,356,7.905694150420948e-09,400.0,0.9999955543014749
