iter,elapsed_time,obj,gradnorm,eval,grad,L
0,0,0.7899562960303694,0.016533492339935757,0,1,0.001
1,0.5060379170026863,0.58781843240518,0.015294275754106117,0,2,0.0009000000000000001
2,2.4034342090017162,0.5700222923739512,0.017453412239362844,0,6,0.0064800000000000005
3,3.3529347090006922,0.5569898719411931,0.01265215623350575,0,8,0.011664
4,3.823704209004063,0.5465875349759426,0.011370030898638668,0,9,0.010497600000000001
5,4.293625209007587,0.5362187951869718,0.01088522637080362,0,10,0.00944784
6,4.761964917008299,0.5254963349403606,0.010770644986369208,0,11,0.008503056
7,5.231180167014827,0.5144737962136113,0.011189693080371663,0,12,0.0076527504
8,5.702021000019158,0.5037294351973781,0.013112793786045025,0,13,0.00688747536
9,6.639599583017116,0.49571754162809556,0.010188229222216986,0,15,0.012397455648
10,7.110095875017578,0.48855808409328644,0.009524167776500777,0,16,0.0111577100832
11,7.578435334013193,0.48106760023991935,0.009264714260188591,0,17,0.010041939074880001
12,8.047795042017242,0.4730770628756141,0.009138187715585713,0,18,0.009037745167392001
13,8.5196640010181,0.46458183518379276,0.009170019620217846,0,19,0.008133970650652802
14,8.987736751019838,0.4557012994824955,0.009675309507830228,0,20,0.0073205735855875215
15,9.454747417017643,0.44719553765357506,0.012004099213333091,0,21,0.00658851622702877
16,10.396032667020336,0.44084879710970637,0.009758772404765543,0,23,0.011859329208651787
17,10.865944959019544,0.43494152085651633,0.00913155054392021,0,24,0.010673396287786609
18,11.333887251021224,0.4288094130182545,0.00904491867682382,0,25,0.009606056659007949
19,11.801410709020274,0.42241496055881905,0.009468995168576423,0,26,0.008645450993107155
20,12.271504626027308,0.41609865492592735,0.011098141574715465,0,27,0.007780905893796439
21,13.20625654302421,0.4110447451603045,0.008321895048577027,0,29,0.014005630608833591
22,13.676094584021484,0.4066930213033649,0.007818306677496544,0,30,0.012605067547950231
23,14.146077543024148,0.402097040709397,0.007643141212837219,0,31,0.011344560793155208
24,14.614001585025107,0.39713579758447753,0.007543027353115172,0,32,0.010210104713839688
25,15.087275418023637,0.3917783606013933,0.007491740249919487,0,33,0.009189094242455719
26,15.557476626025164,0.3860239927178601,0.007557802145426432,0,34,0.008270184818210147
27,16.02811875102634,0.3799750742194922,0.008080816572466502,0,35,0.007443166336389133
28,16.498453585023526,0.3742763828520286,0.010546326791462975,0,36,0.00669884970275022
29,17.43644316802238,0.36996494093421955,0.008900267294764064,0,38,0.012057929464950396
30,17.90708725102013,0.36588308081611626,0.008524401715476729,0,39,0.010852136518455357
31,18.373684709018562,0.3617285301655476,0.008869131476048907,0,40,0.009766922866609821
32,18.841090209018148,0.35768295828620794,0.01034267849515893,0,41,0.008790230579948839
33,19.77435854201758,0.35394912157065456,0.007128904488130208,0,43,0.01582241504390791
34,20.241784458012262,0.3510545920730724,0.006715014600270047,0,44,0.01424017353951712
35,20.72685579100653,0.34798765650664726,0.0065961522013198,0,45,0.012816156185565409
36,21.206925707003393,0.3446529787242583,0.006523405744911993,0,46,0.011534540567008868
37,21.685252707000473,0.34102125284232354,0.006463309891807378,0,47,0.010381086510307981
38,22.16789849899942,0.3370727877509388,0.006419524481688877,0,48,0.009342977859277183
39,22.65536999899632,0.33279988428340723,0.0064364745670115,0,49,0.008408680073349465
40,23.133267707002233,0.3282413291993672,0.00673003391761847,0,50,0.007567812066014519
41,23.623764372998266,0.3237465099008286,0.008401247172752648,0,51,0.006811030859413067
42,24.595505040000717,0.3207511915171301,0.007559219719855533,0,53,0.01225985554694352
43,25.081169374003366,0.3177567480693791,0.007486933466936073,0,54,0.011033869992249168
44,25.561179666001408,0.31469442821250193,0.008065037090350538,0,55,0.009930482993024252
45,26.52170658300747,0.31234440141753195,0.006060465479680252,0,57,0.017874869387443655
46,27.0010210830078,0.31035831046016427,0.005909521490733527,0,58,0.01608738244869929
47,27.487160833006783,0.3082054142349248,0.005858318112889876,0,59,0.014478644203829362
48,27.965356916007295,0.3058471572928568,0.005814856751839564,0,60,0.013030779783446427
49,28.432606416012277,0.30326472738283544,0.005769841307613107,0,61,0.011727701805101784
50,28.900196083013725,0.30044049701237463,0.005721859241163793,0,62,0.010554931624591606
51,29.368751499008795,0.29735695426849357,0.005671539735248072,0,63,0.009499438462132446
52,29.838989957002923,0.2939970638577067,0.005623669851786503,0,64,0.008549494615919202
53,30.308046374004334,0.2903488952343918,0.005605445843771264,0,65,0.007694545154327282
54,30.775857124004688,0.28643320299855524,0.00579116526257768,0,66,0.0069250906388945545
55,31.247550333006075,0.2825617795996384,0.007400561956311707,0,67,0.006232581575005099
56,32.18623687400395,0.2802841037155229,0.007566286920558016,0,69,0.011218646835009179
57,33.12386020800477,0.2784609938308102,0.005397373914696971,0,71,0.020193564303016522
58,33.59156541700213,0.2770400993482258,0.0053227726833583264,0,72,0.01817420787271487
59,34.057327042006364,0.27548677454614057,0.005293011205632222,0,73,0.016356787085443383
60,34.527916917002585,0.2737790305033894,0.005263581263932058,0,74,0.014721108376899045
61,34.997003625001526,0.27190286866109037,0.005231689038306706,0,75,0.013248997539209141
62,35.466094041999895,0.2698440131999504,0.005196820268486085,0,76,0.011924097785288227
63,35.93450766700698,0.26758757337153805,0.005158701551351121,0,77,0.010731688006759403
64,36.401808875001734,0.26511806815242317,0.005117155853055752,0,78,0.009658519206083464
65,36.86914175000129,0.2624196271136673,0.005072353568059192,0,79,0.008692667285475117
66,37.33455904200673,0.2594763593503402,0.005026310581441424,0,80,0.007823400556927606
67,37.802511376008624,0.2562749349774242,0.004995011283451519,0,81,0.007041060501234845
68,38.268696418002946,0.2528255220539421,0.005119288803802944,0,82,0.006336954451111361
69,38.735922460007714,0.2494179745261457,0.006736590366547202,0,83,0.005703259006000225
70,40.14498483500938,0.24799415987422835,0.004896447071919955,0,86,0.02053173242160081
71,40.61284654401243,0.24684981228284228,0.004815668756913862,0,87,0.018478559179440728
72,41.0847191270077,0.24559998400379074,0.00478963568324764,0,88,0.016630703261496654
73,41.55370675200538,0.2442245180118707,0.00476579470108383,0,89,0.014967632935346989
74,42.02121908600384,0.24271138783926907,0.0047403063379488465,0,90,0.01347086964181229
75,42.48725375200593,0.2410484457778645,0.004712511576604123,0,91,0.012123782677631062
76,42.958358961004706,0.2392229307889104,0.004682188064481714,0,92,0.010911404409867957
77,43.426545753005485,0.2372215167578806,0.004649417855335416,0,93,0.009820263968881162
78,43.901540712002316,0.23503048377678776,0.004615426662369211,0,94,0.008838237571993045
79,44.37179883700446,0.23263686809228426,0.00458852847345106,0,95,0.007954413814793742
80,44.840490837006655,0.2300360510723704,0.00462975006234043,0,96,0.0071589724333143675
81,45.312862254009815,0.22730815996809436,0.00526164134887584,0,97,0.006443075189982931
82,46.254502504009,0.22579833919183967,0.005465394528190194,0,99,0.011597535341969275
83,46.723742004011,0.2242625135726094,0.006248048694909444,0,100,0.010437781807772347
84,47.65903283701482,0.2230140643594071,0.004646229946071541,0,102,0.018788007253990227
85,48.12972779501433,0.22195113454990906,0.0044494981712291035,0,103,0.016909206528591205
86,48.59923825300939,0.2208068170075524,0.004398439523574395,0,104,0.015218285875732086
87,49.066094295005314,0.2195511022728689,0.004370541502682855,0,105,0.013696457288158877
88,49.536215503001586,0.21817092146716674,0.004349198061804004,0,106,0.01232681155934299
89,50.00632087800477,0.21665544011619725,0.004335582034950809,0,107,0.01109413040340869
90,50.49352187800105,0.21499583511577472,0.0043484127991733484,0,108,0.009984717363067821
91,50.976114836004854,0.21319432703433452,0.00447914076705433,0,109,0.00898624562676104
92,51.45710850300384,0.21132302289912208,0.005203486546340353,0,110,0.008087621064084935
93,52.413712795008905,0.2101558312572931,0.004783042122537045,0,112,0.014557717915352883
94,52.89329550301045,0.20893996293206984,0.004711670931074482,0,113,0.013101946123817595
95,53.37257362801029,0.20764325818811874,0.004877271893898671,0,114,0.011791751511435836
96,53.860377670011076,0.20629942919837918,0.005494366059658475,0,115,0.010612576360292253
97,54.846999586014135,0.20529443509825782,0.004302814252941773,0,117,0.019102637448526055
98,55.33005025201419,0.20438806252873015,0.0041492133767871775,0,118,0.01719237370367345
99,55.81213087701326,0.20340730738976262,0.004107144856343234,0,119,0.015473136333306105
100,56.29303150201304,0.2023297001686864,0.004083749943945465,0,120,0.013925822699975495
101,56.787135377016966,0.20114423572552806,0.004066206862589942,0,121,0.012533240429977947
102,57.27379283501796,0.1998414070911773,0.004056577818793464,0,122,0.011279916386980152
103,57.74708862701664,0.19841366823787407,0.004074795296769702,0,123,0.010151924748282137
104,58.216254627019225,0.19686401802310052,0.004217755234583638,0,124,0.009136732273453924
105,58.68295250202209,0.19526541005929526,0.004991138185907518,0,125,0.008223059046108532
106,59.62237258502137,0.194252962488442,0.004576787794858096,0,127,0.014801506282995357
107,60.089439377021336,0.1932037905826032,0.00452188786225815,0,128,0.013321355654695822
108,60.55733958502242,0.1920915395974951,0.0047338673494262224,0,129,0.01198922008922624
109,61.02510112701566,0.19095978845021688,0.005471179047391046,0,130,0.010790298080303616
110,61.962249002019234,0.1900418794343722,0.004100952136490417,0,132,0.01942253654454651
111,62.43234941802075,0.18925028985011375,0.003914476123940437,0,133,0.017480282890091858
112,62.90164296002331,0.18839850553881937,0.003866924396697525,0,134,0.01573225460108267
113,63.37051525202696,0.18746312788531388,0.0038443940575642985,0,135,0.014159029140974404
114,63.840200502025255,0.18643388005215925,0.0038309842931327377,0,136,0.012743126226876964
115,64.3088280440279,0.18530259179625772,0.0038307372896755304,0,137,0.011468813604189268
116,64.77879687802488,0.1840640284050223,0.0038747661830429254,0,138,0.010321932243770341
117,65.24738350302505,0.18272886687537068,0.004111832527800755,0,139,0.009289739019393308
118,65.71612937802274,0.18141114404528547,0.005267795906965308,0,140,0.008360765117453978
119,66.65370300302311,0.1804927354468651,0.0047037057809719545,0,142,0.01504937721141716
120,67.12449937802012,0.1795760171301568,0.004651044163291498,0,143,0.013544439490275445
121,67.59139200302161,0.17863230689290363,0.00500434723990008,0,144,0.012189995541247901
122,68.52604400301789,0.17789558812350714,0.00374217168254321,0,146,0.021941991974246223
123,68.99500042001455,0.1772761054753159,0.0036644201296072145,0,147,0.0197477927768216
124,69.46341958701669,0.17660004347764288,0.0036457156005525603,0,148,0.017773013499139442
125,69.92983196202113,0.17585441510090602,0.003631943615597014,0,149,0.0159957121492255
126,70.39692575301888,0.17503184380841874,0.003618039760107389,0,150,0.01439614093430295
127,70.8640877530197,0.1741249578066191,0.0036032135557119414,0,151,0.012956526840872654
128,71.33149679501366,0.17312594948450918,0.003587547302872964,0,152,0.011660874156785388
129,71.80137900300906,0.1720266287672067,0.0035724197593825363,0,153,0.01049478674110685
130,72.26996396200411,0.1708189722707377,0.003565301470598382,0,154,0.009445308066996165
131,72.73933525400207,0.16949904448927428,0.0036123689691187288,0,155,0.00850077726029655
132,73.20682783800294,0.16809935729238837,0.004043837086100619,0,156,0.007650699534266894
133,74.15273971300485,0.16729768455483265,0.004016602126335138,0,158,0.01377125916168041
134,74.6242290040027,0.16644610172757374,0.004225494556426947,0,159,0.012394133245512369
135,75.09214062900719,0.1655819102151365,0.004924890725258719,0,160,0.011154719920961132
136,76.02949775400339,0.16487217818085012,0.003680208116290911,0,162,0.020078495857730038
137,76.49791233699943,0.16426102498858122,0.0035029114194713835,0,163,0.018070646271957036
138,76.96528496199608,0.16360392402494225,0.003458678928885055,0,164,0.016263581644761334
139,77.44350667099934,0.16288196875464578,0.003439893928492851,0,165,0.0146372234802852
140,77.91815092100296,0.16208691160704142,0.0034314626632016574,0,166,0.01317350113225668
141,78.38803183699929,0.1612123972577659,0.0034390606308030763,0,167,0.011856151019031012
142,78.86360058699938,0.1602551937845911,0.003500379439624897,0,168,0.01067053591712791
143,79.34836746200017,0.1592289751005749,0.0037928843299646782,0,169,0.00960348232541512
144,79.81811737899989,0.15825841993448367,0.005143287674200905,0,170,0.008643134092873608
145,81.28346946200327,0.1576914479615342,0.0033560686204616064,0,173,0.031115282734344992
146,81.77457962900371,0.15733259886004766,0.0033237379271668366,0,174,0.028003754460910493
147,82.26767321200168,0.15693849631536538,0.0033171944425011654,0,175,0.025203379014819442
148,82.75141542000347,0.15650237374009743,0.0033099534963367478,0,176,0.0226830411133375
149,83.23116229500738,0.15601996374986252,0.0033019422206397794,0,177,0.02041473700200375
150,83.71431858600408,0.15548661444086537,0.0032930827412225123,0,178,0.018373263301803375
151,84.19825387800665,0.15489726577456858,0.003283290253505025,0,179,0.016535936971623037
152,84.6784663780054,0.15424642744847245,0.003272472607258264,0,180,0.014882343274460733
153,85.16266062800423,0.15352815896651675,0.00326052992445201,0,181,0.01339410894701466
154,85.65764375300205,0.15273605297727175,0.0032473542636603635,0,182,0.012054698052313195
155,86.14430625300884,0.15186322318125053,0.0032328293472012417,0,183,0.010849228247081875
156,86.62693608600966,0.15090229835801777,0.0032168303720556753,0,184,0.009764305422373687
157,87.11204300300597,0.14984542434904466,0.0031992239401632387,0,185,0.008787874880136319
158,87.59045150300517,0.14868427610872395,0.0031798681190283126,0,186,0.007909087392122687
159,88.05797933700524,0.14741008227792113,0.003158612765678771,0,187,0.007118178652910419
160,88.52753704501083,0.14601366494253046,0.003135300321795668,0,188,0.006406360787619377
161,88.99606683701131,0.14448549855179718,0.0031097750679735026,0,189,0.005765724708857439
162,89.46531850301108,0.14281580530498014,0.0030820563270234917,0,190,0.005189152237971695
163,89.93474121100735,0.1409951328347001,0.0030572496892805954,0,191,0.004670237014174526
164,90.40405191900936,0.1390310587371874,0.003214847144597604,0,192,0.004203213312757074
165,90.87471621100849,0.13769682870067704,0.007913332916852417,0,193,0.0037828919814813663
166,92.75494775300467,0.1365676327809051,0.003007906372366108,0,197,0.027236822266665836
167,93.22410292000859,0.13623974678291093,0.002972535555122105,0,198,0.024513140039999253
168,93.69530458700319,0.1358798087424903,0.0029656210634050398,0,199,0.022061826035999328
169,94.16548092000448,0.13548162778474424,0.002958869125152265,0,200,0.019855643432399397
170,94.63283450300514,0.1350412553905993,0.0029514687932196194,0,201,0.017870079089159458
171,95.10388004400738,0.13455446050769676,0.0029432955659822657,0,202,0.016083071180243512
172,95.57204183600697,0.13401664897257448,0.0029342647893700387,0,203,0.014474764062219161
173,96.04163187800441,0.13342284097713872,0.0029242912728935544,0,204,0.013027287655997246
174,96.51189779500419,0.1327676539037926,0.0029132866401395804,0,205,0.011724558890397523
175,96.98033267000574,0.1320452900847379,0.002901169960558672,0,206,0.01055210300135777
176,97.44910875400092,0.13124953342916626,0.002887936128809565,0,207,0.009496892701221993
177,97.92089725400729,0.13037379505871308,0.002874195596676613,0,208,0.008547203431099794
178,98.3933600040109,0.12941156778397636,0.002866322569856456,0,209,0.007692483087989815
179,98.86523325400776,0.12836192926219228,0.0029378391599637027,0,210,0.006923234779190834
180,99.3356551290126,0.12731361615571676,0.003975778069467149,0,211,0.00623091130127175
181,100.74473233701428,0.12688601155315998,0.0029439079330683196,0,214,0.0224312806845783
182,101.21336804501334,0.12652429486892722,0.0028354261300371723,0,215,0.02018815261612047
183,101.68419854501553,0.12613272546381712,0.002811918839425348,0,216,0.018169337354508423
184,102.15410275301838,0.1257010371882526,0.00280084378253329,0,217,0.01635240361905758
185,102.62471912801993,0.1252243066208061,0.002792813513492482,0,218,0.014717163257151823
186,103.09338679502252,0.12469802735066958,0.00278732853867874,0,219,0.01324544693143664
187,103.56666354501795,0.12411780562413156,0.0027895168628299005,0,220,0.011920902238292976
188,104.03607696101972,0.12348057367596701,0.002824464043375906,0,221,0.01072881201446368
189,104.50346000202262,0.12279275271416247,0.0030246890336960396,0,222,0.009655930813017312
190,104.97316750202299,0.12213251679091215,0.004103751248980117,0,223,0.00869033773171558
191,106.38317062702845,0.1217760147522735,0.0027324028164345897,0,226,0.03128521583417609
192,106.85318983502657,0.12153798504130996,0.0027236153985195546,0,227,0.02815669425075848
193,107.32265441902564,0.1212747454869138,0.002719137625300874,0,228,0.025341024825682634
194,107.79180575302598,0.12098324262797548,0.0027141915876545387,0,229,0.02280692234311437
195,108.26042175302427,0.12066055989151149,0.002708714981515705,0,230,0.020526230108802935
196,108.73061596102343,0.1203035083491635,0.0027026527476352543,0,231,0.018473607097922642
197,109.20266887802427,0.11990860646408495,0.0026959449914888446,0,232,0.01662624638813038
198,109.67062617003103,0.11947206097563676,0.0026885263391265278,0,233,0.014963621749317342
199,110.15575992003141,0.11898974845954544,0.0026803255657909157,0,234,0.013467259574385609
200,110.64460100303404,0.11845719814844181,0.0026712652462524324,0,235,0.012120533616947048
201,111.13977929503017,0.11786957674942802,0.0026612614269803203,0,236,0.010908480255252343
202,111.62219021203055,0.11722167619063159,0.0026502233691061325,0,237,0.009817632229727109
203,112.1138242120287,0.11650790538809165,0.0026380534356043287,0,238,0.008835869006754399
204,112.60884771202836,0.11572228751985458,0.002624648561038411,0,239,0.00795228210607896
205,113.10427246202744,0.11485846538222802,0.002609918179738299,0,240,0.007157053895471064
206,113.59992925402184,0.11390973606823367,0.0025940643288833603,0,241,0.006441348505923958
207,114.0835007540154,0.11286948666666025,0.0025829594874124543,0,242,0.005797213655331562
208,114.56906683801208,0.11174134571038659,0.0027162404390053433,0,243,0.005217492289798406
209,115.05188717100827,0.11085378774738129,0.0056103893555432905,0,244,0.004695743060818566
210,116.99107167100738,0.110314800667651,0.0025847048342121856,0,248,0.033809350037893676
211,117.46741758800636,0.11012130042136557,0.002528690384412895,0,249,0.03042841503410431
212,117.93838725500245,0.10991130873890165,0.0025250852014801015,0,250,0.02738557353069388
213,118.4083632969996,0.10967866761902555,0.002521090931483669,0,251,0.024647016177624492
214,118.87933267200424,0.10942101699287561,0.0025166657800711157,0,252,0.022182314559862044
215,119.34861413000908,0.10913577007536676,0.002511764798062455,0,253,0.01996408310387584
216,119.8198434210135,0.10882009594594272,0.0025063387321092945,0,254,0.017967674793488257
217,120.29021533802006,0.10847090193738307,0.002500333673172,0,255,0.01617090731413943
218,120.75996108802065,0.10808481607751809,0.002493690714779731,0,256,0.014553816582725488
219,121.23004142202262,0.10765816998038555,0.0024863456132139914,0,257,0.01309843492445294
220,121.70011688001978,0.10718698269545175,0.0024782284547064395,0,258,0.011788591432007646
221,122.16965721302404,0.10666694615234817,0.0024692633382385203,0,259,0.010609732288806881
222,122.64081371302746,0.10609341298969943,0.0024593680871891834,0,260,0.009548759059926193
223,123.10814829702576,0.10546138772528842,0.002448454000754079,0,261,0.008593883153933574
224,123.57814225602488,0.10476552242333148,0.0024364256931268704,0,262,0.007734494838540217
225,124.04789242202241,0.10400011822303198,0.0024231812287033284,0,263,0.006961045354686195
226,124.51768558802723,0.10315913464708612,0.0024086168645545874,0,264,0.006264940819217576
227,124.98828963002597,0.10223621466956344,0.0023927267288382124,0,265,0.005638446737295818
228,125.45738663002703,0.10122490522317175,0.0023783563913256606,0,266,0.005074602063566237
229,125.92837708802836,0.10012530242403196,0.0024651473129600836,0,267,0.0045671418572096134
230,126.39830196303228,0.09923561279408269,0.005293331782513273,0,268,0.004110427671488652
231,128.27209192103328,0.09874319787963079,0.0023428133070381874,0,272,0.029595079234718293
232,128.742190546036,0.0985588760462374,0.0023288848031080165,0,273,0.026635571311246463
233,129.21384867103188,0.0983554386679853,0.0023250656012842224,0,274,0.023972014180121817
234,129.6843334630321,0.0981301228360517,0.002321116291762116,0,275,0.021574812762109635
235,130.1556370880353,0.09788064164039105,0.002316761732852041,0,276,0.01941733148589867
236,130.62784746303805,0.09760450723397907,0.002311942622548268,0,277,0.017475598337308804
237,131.09841479604074,0.09729900095504598,0.002306608982371979,0,278,0.015728038503577926
238,131.5661757550406,0.09696115656461371,0.0023007080043395117,0,279,0.014155234653220133
239,132.0348442960385,0.09658774446116654,0.0022941828869553313,0,280,0.01273971118789812
240,132.50779350504308,0.09617525681565116,0.0022869744312890784,0,281,0.011465740069108308
241,132.97577688004094,0.09571989454990834,0.00227903301852293,0,282,0.010319166062197477
242,133.44782129704254,0.09521756159718275,0.002270411298445324,0,283,0.00928724945597773
243,133.91604479704256,0.0946639113240661,0.002262124129699412,0,284,0.008358524510379958
244,134.39094983803807,0.09405499414002966,0.0022662088824522216,0,285,0.007522672059341962
245,134.86234008803876,0.09339690050575174,0.002446790919868925,0,286,0.006770404853407766
246,135.33305246303644,0.09288709546300201,0.004671896852857573,0,287,0.00609336436806699
247,137.2128481710315,0.09256330581799274,0.002510910855984231,0,291,0.04387222345008233
248,137.6839959630306,0.09243200055793428,0.002234007494338058,0,292,0.039485001105074094
249,138.154823255034,0.09230630214989989,0.002219215929081438,0,293,0.035536500994566685
250,138.6256829220365,0.09216780116039736,0.002216607381102197,0,294,0.031982850895110014
251,139.09558442203706,0.09201427037451869,0.0022139048934536913,0,295,0.028784565805599013
252,139.56236100604292,0.09184410774745676,0.002210908783734054,0,296,0.025906109225039112
253,140.0465091730439,0.09165556359766835,0.0022075878898957404,0,297,0.023315498302535202
254,140.534546840041,0.09144671620844551,0.002203907990755729,0,298,0.02098394847228168
255,141.02543025703926,0.09121545770681633,0.002199831488234514,0,299,0.018885553625053515
256,141.50697621503787,0.09095947945974109,0.002195317125799139,0,300,0.016996998262548163
257,141.9857817150405,0.09067625715277461,0.0021903196971169558,0,301,0.015297298436293348
258,142.47456634003902,0.09036303577941153,0.0021847897469942194,0,302,0.013767568592664012
259,142.9546677150429,0.09001681484197395,0.0021786732686647956,0,303,0.012390811733397612
260,143.43581138204172,0.0896343341519134,0.0021719114028818875,0,304,0.011151730560057851
261,143.91779275704175,0.08921206072021587,0.0021644401457283136,0,305,0.010036557504052065
262,144.39948375704262,0.08874617734889323,0.002156190074398384,0,306,0.00903290175364686
263,144.8823841320409,0.08823257367250535,0.0021470861014662073,0,307,0.008129611578282174
264,145.37027213203692,0.08766684055640585,0.0021370472789377947,0,308,0.0073166504204539564
265,145.85770279903227,0.08704426893335329,0.002125986735399159,0,309,0.006584985378408561
266,146.34090659003414,0.08635985445558775,0.0021138134807501653,0,310,0.005926486840567706
267,146.82405067302898,0.08560831204452388,0.002100480864805299,0,311,0.005333838156510935
268,147.30569250602275,0.0847841925574099,0.002087621035604797,0,312,0.004800454340859841
269,147.78159404802136,0.08388597901237874,0.002147011930821244,0,313,0.004320408906773857
270,148.25312954802212,0.0831348473211552,0.004620618641669944,0,314,0.0038883680160964715
271,150.13591125702078,0.08276416015361089,0.0021361418778325855,0,318,0.027996249715894594
272,150.60595900702174,0.08260951712044497,0.002053391447629085,0,319,0.025196624744305136
273,151.07414442302252,0.08244305761157242,0.002044955057279683,0,320,0.02267696226987462
274,151.54565850601648,0.0822589588397061,0.0020408917038655327,0,321,0.020409266042887158
275,152.01420025600964,0.0820551214762131,0.0020370735769189943,0,322,0.018368339438598443
276,152.4823176310092,0.08182947714491497,0.002033004418827451,0,323,0.0165315054947386
277,152.95101717201032,0.08157978874255765,0.0020285901600384775,0,324,0.01487835494526474
278,153.42230083901086,0.08130362186221962,0.0020238785279144563,0,325,0.013390519450738266
279,153.8916140890069,0.08099834431458966,0.0020192943943095577,0,326,0.01205146750566444
280,154.360444172009,0.08066120531233185,0.002017280314552414,0,327,0.010846320755097998
281,154.8298724220076,0.08028998376489631,0.002033972216762733,0,328,0.009761688679588197
282,155.29798271400796,0.07988886402036517,0.0021962615893601823,0,329,0.008785519811629379
283,155.7655275470097,0.07953436032787396,0.003447471876662905,0,330,0.007906967830466441
284,157.16970654700708,0.07930090130094483,0.0020233905671174224,0,333,0.02846508418967919
285,157.63592288101063,0.07916036775079086,0.0019872895281740073,0,334,0.025618575770711274
286,158.10407175600994,0.07900658797833214,0.00198242730547315,0,335,0.023056718193640146
287,158.57422488100565,0.07883632425774441,0.001979077349037969,0,336,0.020751046374276133
288,159.04414783900575,0.07864775814664073,0.00197561509279805,0,337,0.01867594173684852
289,159.51561088000744,0.07843898311139774,0.001971835126884064,0,338,0.01680834756316367
290,159.98173050500918,0.07820792119883896,0.0019676778426550687,0,339,0.015127512806847303
291,160.45016038000904,0.0779523041620417,0.001963125664055137,0,340,0.013614761526162573
292,160.91838433800876,0.07766966359593037,0.001958262243937695,0,341,0.012253285373546316
293,161.38808796300873,0.07735734157942586,0.001953708374039826,0,342,0.011027956836191686
294,161.85451900501357,0.07701264487752178,0.0019537020659355607,0,343,0.009925161152572517
295,162.32246817201667,0.07663428377440287,0.001992522483819118,0,344,0.008932645037315265
296,162.79041138101456,0.07623827704978131,0.002383655159482299,0,345,0.008039380533583738
297,163.7293933390174,0.07602165152318771,0.00260000046248165,0,347,0.01447088496045073
298,164.66693138001574,0.07585393088153024,0.001973714069932935,0,349,0.026047592928811314
299,165.13521675501397,0.07570954760746332,0.0019297971964390185,0,350,0.023442833635930183
300,165.60262888001307,0.0755517557013086,0.0019216697870557133,0,351,0.021098550272337164
301,166.0719252960189,0.07537722067646768,0.0019174172180273748,0,352,0.018988695245103448
302,166.54251138001564,0.0751840038436417,0.0019137038566221056,0,353,0.017089825720593102
303,167.01635358801286,0.07497015126640194,0.001910056690865564,0,354,0.015380843148533793
304,167.48533442201733,0.07473356842864873,0.0019067565693027242,0,355,0.013842758833680413
305,167.951362006017,0.07447204597155374,0.0019055793641575233,0,356,0.012458482950312372
306,168.4183735890183,0.07418355923291135,0.001915713889331472,0,357,0.011212634655281136
307,168.88540050602023,0.07386841986212264,0.0019931664142942684,0,358,0.010091371189753022
308,169.35626717301784,0.07354777099457822,0.002508501552518657,0,359,0.00908223407077772
309,170.31155713202315,0.0733531388706197,0.0025090899512586963,0,361,0.016348021327399896
310,170.80473309102672,0.07315664245712139,0.002770622871613613,0,362,0.014713219194659908
311,171.7876368830257,0.07298334262713997,0.0019341335753591613,0,364,0.026483794550387834
312,172.2688864660231,0.07284826296723848,0.0018789377508086132,0,365,0.02383541509534905
313,172.75256417402124,0.07270131040778971,0.0018699191730326534,0,366,0.021451873585814147
314,173.23477225701936,0.0725388076238533,0.0018656870682005882,0,367,0.019306686227232733
315,173.71323825701984,0.07235889776630543,0.0018621407149022292,0,368,0.01737601760450946
316,174.19308867302607,0.07215974749715942,0.0018586935784360296,0,369,0.015638415844058513
317,174.6770552570233,0.07193939439373995,0.0018555583948396807,0,370,0.014074574259652662
318,175.15511642402998,0.0716957611750666,0.001854274027422983,0,371,0.012667116833687396
319,175.63349900803587,0.07142689766686286,0.001862699182388195,0,372,0.011400405150318657
320,176.12360709103086,0.07113270485378316,0.0019278823540405422,0,373,0.010260364635286791
321,176.61182030002965,0.07082944056616591,0.0023606370690849687,0,374,0.009234328171758113
322,177.56617767502757,0.07064669294391307,0.002341270686244786,0,376,0.016621790709164603
323,178.0344213840217,0.07045864930375896,0.0025346488840833708,0,377,0.014959611638248143
324,178.96999380001944,0.07030724899246396,0.0018656584009413475,0,379,0.02692730094884666
325,179.4404646330222,0.07018199603237997,0.001826754592590457,0,380,0.024234570853961992
326,179.90970063301938,0.07004502556351978,0.0018201453315994773,0,381,0.021811113768565794
327,180.37759959201503,0.06989345516952283,0.0018165714694207775,0,382,0.019630002391709214
328,180.84532046701497,0.06972560917361084,0.0018133124407467705,0,383,0.017667002152538292
329,181.31276892601454,0.06953977900769506,0.0018099692481486436,0,384,0.015900301937284464
330,181.78069905101438,0.06933411867904658,0.0018066023512573073,0,385,0.014310271743556018
331,182.2483436760158,0.069106640836362,0.0018038968091551527,0,386,0.012879244569200417
332,182.71394863401656,0.06885531436172145,0.0018053936154641239,0,387,0.011591320112280376
333,183.18130871801986,0.06857878724403525,0.0018322467010504634,0,388,0.010432188101052339
334,183.65020826002,0.06828238356885005,0.0020324696399173555,0,389,0.009388969290947105
335,184.11785892702028,0.06803968493187355,0.0033481531126335453,0,390,0.008450072361852395
336,185.52420751101454,0.06783775009616803,0.0017960856611502383,0,393,0.030420260502668623
337,185.9945243440161,0.06773305571427554,0.0017767850611075087,0,394,0.02737823445240176
338,186.46392471901345,0.06761788700318487,0.001773932656616974,0,395,0.024640411007161585
339,186.92924455301545,0.06749027232036486,0.001771493429775472,0,396,0.022176369906445427
340,187.3986635940164,0.06734886980047118,0.0017688579201135136,0,397,0.019958732915800886
341,187.86559951001254,0.06719223396875158,0.0017659492312770348,0,398,0.017962859624220798
342,188.33197071901668,0.06701878134132686,0.0017627308531513045,0,399,0.01616657366179872
343,188.79914121901675,0.0668267776542148,0.0017591709378177204,0,400,0.014549916295618848
344,189.26453542701347,0.06661432658157863,0.0017552427888528723,0,401,0.013094924666056964
345,189.7316023850144,0.06637935962303819,0.0017509521403146343,0,402,0.011785432199451268
346,190.20003492701653,0.06611963345664226,0.0017465200087940765,0,403,0.010606888979506141
347,190.66866871901584,0.06583278794290233,0.0017438484471870084,0,404,0.009546200081555527
348,191.13551138501498,0.0655170256359578,0.001761090880334018,0,405,0.008591580073399975
349,191.60253421801463,0.06517981352104842,0.001999533267265305,0,406,0.007732422066059978
350,192.5410097180138,0.06499989477385537,0.0022250760090635753,0,408,0.013918359718907961
351,193.4829661760159,0.06486940988741581,0.0017849630552520563,0,410,0.02505304749403433
352,193.94791846801672,0.06474877357054133,0.0017350676485101142,0,411,0.022547742744630898
353,194.41741751001246,0.06461719860655647,0.0017241129830212084,0,412,0.02029296847016781
354,194.88498380100646,0.0644717829686178,0.0017194935301432985,0,413,0.01826367162315103
355,195.34957534301066,0.06431084609222457,0.001716781272043842,0,414,0.016437304460835928
356,195.81713896801375,0.06413277971620071,0.001716123537566842,0,415,0.014793574014752335
357,196.2865045930157,0.06393601043749628,0.0017217087981278374,0,416,0.013314216613277101
358,196.75382992701634,0.06371955716480071,0.0017537302246707332,0,417,0.01198279495194939
359,197.22370763601793,0.0634867576472612,0.0019194072455274288,0,418,0.010784515456754452
360,197.69176396901457,0.06327450650658982,0.0027764864068429334,0,419,0.009706063911079007
361,199.0911638860125,0.0631358649943894,0.0016926101853552596,0,422,0.034941830079884426
362,199.5598518030165,0.06305403307592367,0.0016887157818349032,0,423,0.031447647071895984
363,200.0415088030204,0.06296339661282244,0.001687004554769124,0,424,0.028302882364706388
364,200.52837067802466,0.06286289831115796,0.001685117342832187,0,425,0.02547259412823575
365,201.01004580302106,0.06275149007026236,0.001683024865430359,0,426,0.022925334715412176
366,201.48999938602356,0.06262801881341704,0.0016807049614472928,0,427,0.020632801243870957
367,201.97583051102265,0.062491216858924004,0.0016781335020958476,0,428,0.018569521119483862
368,202.45911742802127,0.06233969220598469,0.001675283962502303,0,429,0.016712569007535476
369,202.94337172001542,0.06217191841446092,0.0016721271983757586,0,430,0.015041312106781928
370,203.42506401101127,0.06198622416108017,0.0016686312265284764,0,431,0.013537180896103736
371,203.90573467700597,0.061780782600029734,0.0016647610022186106,0,432,0.012183462806493362
372,204.3919228020095,0.061553600701767096,0.001660478215526419,0,433,0.010965116525844027
373,204.8711414270074,0.06130250880499139,0.0016557412853143085,0,434,0.009868604873259624
374,205.35197721800796,0.06102515075142946,0.001650507327650756,0,435,0.008881744385933662
375,205.83509667601174,0.060718975953661235,0.0016447585170333947,0,436,0.007993569947340295
376,206.31684784301615,0.060381249345553924,0.0016389080465787915,0,437,0.007194212952606266
377,206.80032946801657,0.06000938777588306,0.0016416517115822075,0,438,0.006474791657345639
378,207.2815281760195,0.05960935423051822,0.0018489804830361786,0,439,0.005827312491611076
379,208.22773646801943,0.05942462888546412,0.0025487293828119254,0,441,0.010489162484899938
380,209.63318496801367,0.05931118279932822,0.0016309695505467225,0,444,0.03776098494563978
381,210.10257367701706,0.05924132078624871,0.0016167065112662484,0,445,0.0339848864510758
382,210.57825205201516,0.0591644466347455,0.0016152465655648288,0,446,0.03058639780596822
383,211.04763613501564,0.05907918934476044,0.001613627239065187,0,447,0.0275277580253714
384,211.52136938501644,0.05898465409772559,0.0016118311264457757,0,448,0.02477498222283426
385,211.99264188501547,0.058879855074700616,0.0016098393071898838,0,449,0.022297484000550833
386,212.46372221901402,0.05876370723830872,0.0016076309280077137,0,450,0.02006773560049575
387,212.93202355301764,0.05863501763578128,0.001605183022907751,0,451,0.018060962040446174
388,213.39940626101452,0.05849247624829952,0.0016024703243920952,0,452,0.016254865836401556
389,213.86770480301493,0.05833464644437394,0.0015994650639346915,0,453,0.0146293792527614
390,214.33448992801277,0.05815995512274498,0.0015961367625754942,0,454,0.01316644132748526
391,214.80433076101326,0.05796668266453996,0.0015924520130882593,0,455,0.011849797194736734
392,215.2718125940155,0.05775295285638954,0.0015883742558947616,0,456,0.010664817475263062
393,215.73864246901212,0.057516722997034364,0.0015838635520077353,0,457,0.009598335727736756
394,216.2091665530097,0.05725577446103029,0.001578876361621081,0,458,0.00863850215496308
395,216.67914655301138,0.05696770406745942,0.0015733653953830815,0,459,0.007774651939466772
396,217.14561330301512,0.05664991672796091,0.0015672806213670699,0,460,0.006997186745520095
397,217.61472613600927,0.05629962085544897,0.0015605946745517576,0,461,0.006297468070968086
398,218.08429771901137,0.05591385320917156,0.0015539885824654553,0,462,0.005667721263871278
399,218.55129076101002,0.055490429016086286,0.0015719701124643026,0,463,0.00510094913748415
400,219.01907305201166,0.05506872596523989,0.0024192025292785963,0,464,0.004590854223735736
401,220.90134380201198,0.0549585816197615,0.0015360948783835707,0,468,0.0330541504108973
402,221.37098392700864,0.05488729896070983,0.0015334226919975834,0,469,0.029748735369807572
403,221.84253159401123,0.05480829863603602,0.0015318731370487532,0,470,0.026773861832826814
404,222.3107515940137,0.05472070063199974,0.0015301828700498533,0,471,0.024096475649544133
405,222.7816439280141,0.05462358992770931,0.001528310189143995,0,472,0.02168682808458972
406,223.2507255110104,0.05451596031994304,0.0015262340671812844,0,473,0.019518145276130747
407,223.7230690530123,0.0543967054703838,0.0015239327308623053,0,474,0.017566330748517673
408,224.19136313601484,0.054264610338518364,0.0015213823780718617,0,475,0.015809697673665905
409,224.66119901101774,0.05411834227910055,0.001518556900572977,0,476,0.014228727906299315
410,225.13388392802153,0.053956441848565864,0.001515427775723815,0,477,0.012805855115669383
411,225.60091809502046,0.05377731344205749,0.0015119644763062717,0,478,0.011525269604102445
412,226.06810542802123,0.05357921604149534,0.0015081387209193243,0,479,0.010372742643692201
413,226.53479130302003,0.05336025550516525,0.0015039641037487685,0,480,0.00933546837932298
414,227.0017517200249,0.05311839328983082,0.00149994417197708,0,481,0.008401921541390682
415,227.47152459502104,0.05285168757986058,0.0015034245384096228,0,482,0.007561729387251614
416,227.93949188601982,0.05256276919398047,0.0016365889299770533,0,483,0.006805556448526453
417,228.4063678440216,0.052361198710392215,0.0034759259495671406,0,484,0.006125000803673807
418,230.30666259402642,0.052193368540496644,0.0016340542827273,0,488,0.044100005786451416
419,230.78859138602274,0.05213752292662797,0.0014829604898886294,0,489,0.03969000520780627
420,231.27108767802565,0.052082236152558574,0.001479057731695621,0,490,0.035721004687025645
421,231.75409938702796,0.052021019385120146,0.0014778623271967843,0,491,0.03214890421832308
422,232.2347114700242,0.05195311350053108,0.0014765400354727965,0,492,0.028934013796490774
423,232.7194238040247,0.051877801195769735,0.0014750731013131295,0,493,0.026040612416841698
424,233.1982025960242,0.051794291627165645,0.0014734459574183708,0,494,0.023436551175157527
425,233.67658159602433,0.05170171344789874,0.0014716414459485937,0,495,0.021092896057641777
426,234.16345672102761,0.0515991075321609,0.0014696406510413414,0,496,0.018983606451877598
427,234.64726722102932,0.05148541926201565,0.001467422736404954,0,497,0.01708524580668984
428,235.1310048880332,0.05135949040696824,0.0014649647728425753,0,498,0.015376721226020856
429,235.6117253880293,0.05122005064616173,0.0014622415556540405,0,499,0.013839049103418771
430,236.09006209603103,0.05106570880737604,0.0014592254126757315,0,500,0.012455144193076894
431,236.58007076203648,0.05089494392713359,0.0014558860042921068,0,501,0.011209629773769205
432,237.06377605403395,0.05070609627311586,0.0014521901175071606,0,502,0.010088666796392285
433,237.5475347620304,0.05049735851512947,0.001448101461173603,0,503,0.009079800116753058
434,238.01746634603478,0.050266767286138034,0.0014435805172936,0,504,0.008171820105077752
435,238.48602701203345,0.05001219546902383,0.001438585302208099,0,505,0.007354638094569977
436,238.9553783030351,0.04973134621493428,0.0014330899883549296,0,506,0.0066191742851129795
437,239.42272430303274,0.049421765107431306,0.0014275520541666934,0,507,0.005957256856601681
438,239.89250705303857,0.04908137951390162,0.0014375405368708004,0,508,0.005361531170941514
439,240.3615020950383,0.048730074034761,0.001972839523040599,0,509,0.004825378053847362
440,241.76728388704214,0.04862668757338363,0.0019705531201426882,0,512,0.017371360993850504
441,242.70298392904078,0.04854520047573567,0.001417895196894158,0,514,0.03126844978893091
442,243.17224472003727,0.048481391658081435,0.0014088773006626473,0,515,0.02814160481003782
443,243.64182726204308,0.0484109237732731,0.0014070952224008034,0,516,0.025327444329034037
444,244.11167534504784,0.04833279918296082,0.0014055061239796668,0,517,0.022794699896130633
445,244.57950084505137,0.048246191201016496,0.0014037852188682003,0,518,0.02051522990651757
446,245.05039267805114,0.048150201138623394,0.0014018851579375429,0,519,0.018463706915865814
447,245.51984605305188,0.048043841809574495,0.001399782150033487,0,520,0.016617336224279234
448,245.98824097005127,0.047926029186534665,0.001397455967142999,0,521,0.01495560260185131
449,246.4574101780454,0.04779557455919691,0.0013948929109928977,0,522,0.01346004234166618
450,246.92712701104028,0.04765117746168847,0.0013921179074265536,0,523,0.012114038107499562
451,247.397471969045,0.047491425137734425,0.0013894136485330848,0,524,0.010902634296749605
452,247.86745921904367,0.04731484915052766,0.001389138015619849,0,525,0.009812370867074646
453,248.3352155940447,0.0471205932317316,0.001414347247288509,0,526,0.008831133780367182
454,248.80574642704596,0.046917272141556846,0.0017183374514147753,0,527,0.007948020402330464
455,249.74145696904452,0.046812636933430046,0.0020188680374915386,0,529,0.014306436724194837
456,250.67744176104316,0.046721977703303164,0.0014703381369270947,0,531,0.025751586103550706
457,251.14418876104173,0.04664611946476692,0.0013974609726736232,0,532,0.023176427493195637
458,251.61229892704432,0.04656445018698823,0.0013820087188359158,0,533,0.020858784743876074
459,252.08182113604562,0.04647436908336386,0.0013772092887122565,0,534,0.018772906269488465
460,252.55309746904095,0.04637470905845162,0.0013764257429762872,0,535,0.016895615642539618
461,253.0245037610366,0.04626449601232259,0.0013809149280414323,0,536,0.015206054078285656
462,253.4944169270384,0.046143004541174176,0.0014015388171419972,0,537,0.01368544867045709
463,253.95984921803756,0.04601094546122782,0.0014889871854247,0,538,0.012316903803411381
464,254.4292784680365,0.045878424652926984,0.0018854369828968686,0,539,0.011085213423070244
465,255.36722009303776,0.04578594943842367,0.0016755827551045723,0,541,0.01995338416152644
466,255.8347928840376,0.045692786361539284,0.001644529216963376,0,542,0.017958045745373796
467,256.3035051340412,0.04559498201929819,0.0017354687571567854,0,543,0.01616224117083642
468,256.77112821703486,0.045497122325903944,0.0020414083634751313,0,544,0.014546017053752778
469,257.70667050903285,0.04540788702039471,0.0014429377072583875,0,546,0.026182830696755
470,258.17580538403126,0.04533598012162631,0.0013690769809197646,0,547,0.0235645476270795
471,258.6431127180331,0.0452586922529442,0.0013542246883071502,0,548,0.02120809286437155
472,259.1119600930324,0.04517343171482952,0.0013495367539269744,0,549,0.0190872835779344
473,259.59117913503724,0.04507907940439291,0.0013482161498999607,0,550,0.01717855522014096
474,260.0710595930359,0.04497468228115707,0.0013506627347182614,0,551,0.015460699698126863
475,260.5501292180343,0.044859429061073236,0.0013640070204623768,0,552,0.013914629728314178
476,261.0298679680345,0.04473337661176536,0.0014217819010114898,0,553,0.01252316675548276
477,261.50847780103504,0.044602271904337,0.0016895358738237755,0,554,0.011270850079934485
478,262.4716104670297,0.04451724958915141,0.0015309555632510223,0,556,0.020287530143882074
479,262.95782684203004,0.04442910557572066,0.001501011197565477,0,557,0.018258777129493867
480,263.442366384028,0.04433448976433808,0.001546260598916349,0,558,0.01643289941654448
481,263.94009109302715,0.04423486662078441,0.0017171868784921754,0,559,0.014789609474890032
482,264.90221184302936,0.04416190502165624,0.001367638384443072,0,561,0.026621297054802057
483,265.38827334302914,0.04409503950344955,0.001330929808129413,0,562,0.023959167349321853
484,265.87967213403317,0.044022049282719154,0.0013234337306383935,0,563,0.021563250614389667
485,266.3645303010344,0.04394131541791051,0.0013204489639875264,0,564,0.0194069255529507
486,266.8565959260304,0.043851891586287155,0.0013187147951485418,0,565,0.01746623299765563
487,267.328400009028,0.04375285659487734,0.0013181430830242426,0,566,0.015719609697890068
488,267.79739746703126,0.04364327530739441,0.0013208984393547083,0,567,0.01414764872810106
489,268.2721520500272,0.04352239965434574,0.001337452575135151,0,568,0.012732883855290955
490,268.74287730002834,0.043391023054035735,0.0014234764944428577,0,569,0.011459595469761859
491,269.2098376750291,0.043261885335924975,0.001886186422118118,0,570,0.010313635922785674
492,270.1470638000319,0.043174903715367086,0.0017859909707303885,0,572,0.018564544661014214
493,270.61609092503204,0.0430880122361604,0.001877655547342026,0,573,0.016708090194912793
494,271.55562530003226,0.04301469269659679,0.0013196577741737972,0,575,0.030074562350843027
495,272.0243906750329,0.04295797703632689,0.0012998377656591813,0,576,0.027067106115758726
496,272.4952615500297,0.04289571642805356,0.0012970668718402954,0,577,0.024360395504182855
497,272.9620855920293,0.04282672370743398,0.0012954307704182275,0,578,0.02192435595376457
498,273.4301205920274,0.04275024192294369,0.0012938266736948621,0,579,0.019731920358388114
499,273.8977572170261,0.0426654730299236,0.0012921043290434692,0,580,0.017758728322549305
500,274.3670856760218,0.0425715438736868,0.0012902359386444777,0,581,0.015982855490294375
501,274.83879080101906,0.042467497495649716,0.0012882586107279648,0,582,0.014384569941264937
502,275.307271093021,0.04235229108608007,0.0012864291012343071,0,583,0.012946112947138443
503,275.77949521802657,0.04222482198821188,0.001286242207622984,0,584,0.011651501652424599
504,276.2489658840277,0.042084168087169485,0.0012979410797609055,0,585,0.01048635148718214
505,276.71725542603235,0.0419318774782208,0.0014053793357284043,0,586,0.009437716338463926
506,277.1890509260338,0.04179874318412203,0.002249910002749525,0,587,0.008493944704617534
507,278.5977666340332,0.04170829460090914,0.0013049838606001057,0,590,0.030578200936623123
508,279.06599850903876,0.041654381840696454,0.001274103883289936,0,591,0.02752038084296081
509,279.53656805003993,0.04159559839352369,0.0012707315670368988,0,592,0.02476834275866473
510,280.00718063303793,0.04153047767533968,0.0012690830829739093,0,593,0.022291508482798258
511,280.4829017580414,0.04145828601068241,0.0012675391152773242,0,594,0.020062357634518434
512,280.95235788304126,0.041378266678921465,0.0012658968732845739,0,595,0.018056121871066592
513,281.4235781330426,0.04128959319627246,0.0012641196319709068,0,596,0.016250509683959934
514,281.8897985500371,0.04119135961330518,0.0012622384315579143,0,597,0.01462545871556394
515,282.3610939250357,0.04108257786839489,0.0012604823544738778,0,598,0.013162912844007547
516,282.8325618000381,0.04096219876457529,0.001260157137562359,0,599,0.011846621559606793
517,283.299996508038,0.04082930842525996,0.0012699698200648645,0,600,0.010661959403646113
518,283.7673498830336,0.04068495451729386,0.001359608256464468,0,601,0.009595763463281502
519,284.2361233410338,0.040552899920544706,0.0020687329630121993,0,602,0.008636187116953352
520,285.6405416740308,0.040473961004064384,0.0012686498254466244,0,605,0.031090273621032068
521,286.1078154660281,0.04042331044757393,0.0012477843156212909,0,606,0.027981246258928862
522,286.5788551740261,0.04036778951627921,0.0012453594511973596,0,607,0.025183121633035977
523,287.04852254902653,0.040306255039135826,0.0012439198178199207,0,608,0.02266480946973238
524,287.51514371603116,0.04023803096256314,0.001242480194808823,0,609,0.020398328522759142
525,287.98193196603097,0.04016240308953614,0.0012409192448518166,0,610,0.018358495670483227
526,288.4489349660289,0.040078588736478134,0.0012392075338400167,0,611,0.016522646103434905
527,288.9194718830331,0.03998572850660885,0.0012373443645746626,0,612,0.014870381493091415
528,289.3870550080319,0.039882881063337615,0.0012354004858572167,0,613,0.013383343343782274
529,289.8761468830344,0.039769025888861484,0.0012338249227354305,0,614,0.012045009009404048
530,290.36540863303526,0.039643123906385906,0.0012356120537003624,0,615,0.010840508108463643
531,290.8442787580352,0.039504702603775976,0.0012648780275885268,0,616,0.00975645729761728
532,291.3280896750366,0.039360357089256934,0.0015394435812690127,0,617,0.008780811567855552
533,292.2910875080415,0.039281314378312865,0.0016903883978407316,0,619,0.015805460822139995
534,293.256571008038,0.039217906539859675,0.0012559296837152574,0,621,0.02844982947985199
535,293.73984159203974,0.03916457695451897,0.0012256079358583982,0,622,0.02560484653186679
536,294.22310392504005,0.039106332448296796,0.0012206691072201609,0,623,0.02304436187868011
537,294.7005688830395,0.039041851881419266,0.0012185672857533247,0,624,0.0207399256908121
538,295.18407080003817,0.03897038970655498,0.0012169452624556155,0,625,0.018665933121730892
539,295.6631508000355,0.038891195529829455,0.0012154754865280437,0,626,0.016799339809557803
540,296.15076288302953,0.03880346155301275,0.001214362200896215,0,627,0.015119405828602023
541,296.63025975802884,0.03870633181783463,0.0012148495291832,0,628,0.01360746524574182
542,297.10650250803155,0.03859902156031232,0.0012232964531478446,0,629,0.012246718721167638
543,297.57959592503175,0.03848168104362262,0.001278070259129346,0,630,0.011022046849050874
544,298.04941655003495,0.03836278959134248,0.0016284980315454608,0,631,0.009919842164145787
545,298.9879374660377,0.0382897730684238,0.0016255647590447315,0,633,0.017855715895462417
546,299.9274804250381,0.038234409305950005,0.001207002957841877,0,635,0.03214028861183235
547,300.397852925038,0.038189376176813956,0.0012003922331729764,0,636,0.02892625975064912
548,300.8709833830362,0.03813960200609359,0.0011990739010017295,0,637,0.02603363377558421
549,301.36596317503427,0.038084403909643676,0.0011978923431635964,0,638,0.02343027039802579
550,301.8432485920348,0.038023194305538556,0.0011966114901932152,0,639,0.02108724335822321
551,302.3146470920328,0.03795533243389223,0.0011951966295359786,0,640,0.01897851902240089
552,302.78813175902906,0.03788011336632475,0.0011936299881475374,0,641,0.017080667120160802
553,303.25833946702915,0.03779676182922154,0.0011918962233177836,0,642,0.015372600408144723
554,303.73272934203123,0.03770442620245314,0.00118998437385708,0,643,0.013835340367330251
555,304.20854900903214,0.03760217284339624,0.0011879100310493468,0,644,0.012451806330597226
556,304.6798079250366,0.037488983996460196,0.0011858660956071245,0,645,0.011206625697537503
557,305.15338980003435,0.03736378821249376,0.0011854699163719121,0,646,0.010085963127783752
558,305.6263390500317,0.03722583783305012,0.0012025260316803077,0,647,0.009077366815005377
559,306.1001926330355,0.03707972198981761,0.001413981595616062,0,648,0.00816963013350484
560,307.0348906750369,0.03700319840980578,0.001626080151222838,0,650,0.014705334240308713
561,307.9672817170358,0.03694236415481446,0.0012389706397895176,0,652,0.026469601632555684
562,308.4356403420388,0.03688884723863676,0.001189664207556741,0,653,0.023822641469300115
563,308.90743780004414,0.03683085655391397,0.001179243850496355,0,654,0.021440377322370103
564,309.3762398000399,0.03676680367927493,0.0011758874126745755,0,655,0.019296339590133094
565,309.84311659204104,0.03669588875413774,0.0011751198566489404,0,656,0.017366705631119785
566,310.31195371704234,0.03661740065518358,0.0011776672310161505,0,657,0.015630035068007808
567,310.78156550903805,0.0365307377054929,0.0011903283965171562,0,658,0.014067031561207028
568,311.25097238404123,0.03643601671878753,0.0012452126685910479,0,659,0.012660328405086326
569,311.7212291340402,0.03633815423417201,0.0015022877948974262,0,660,0.011394295564577694
570,312.6603795920382,0.03627401172032603,0.0013616990297209035,0,662,0.02050973201623985
571,313.1282401750432,0.036207753728460364,0.0013396493950542,0,663,0.018458758814615863
572,313.5954440090427,0.03613705084526036,0.0013952885909346029,0,664,0.01661288293315428
573,314.0623880090425,0.03606386028595627,0.0015895007404724537,0,665,0.01495159463983885
574,314.99775121703715,0.03600596282846748,0.0012103098788886282,0,667,0.02691287035170993
575,315.4669640500433,0.035955202249322915,0.0011664976392295717,0,668,0.02422158331653894
576,315.9350698410417,0.035900096703318986,0.001157652988535785,0,669,0.021799424984885046
577,316.4053352990377,0.03583919311221325,0.001154643162745471,0,670,0.01961948248639654
578,316.8724856740446,0.03577174059625973,0.0011534846400709762,0,671,0.01765753423775689
579,317.3404675080383,0.03569704512996461,0.0011543180054925154,0,672,0.0158917808139812
580,317.80884279903694,0.03561444886278436,0.0011609100423030422,0,673,0.01430260273258308
581,318.2761552160373,0.03552364375781936,0.0011912172094645846,0,674,0.012872342459324773
582,318.74698850803543,0.035426760520295135,0.0013380279706114125,0,675,0.011585108213392295
583,319.2179319250354,0.03534470408686114,0.0020525180432123197,0,676,0.010426597392053066
584,320.6689847160378,0.03527716716343307,0.0011411819749514366,0,679,0.03753575061139104
585,321.1471868410372,0.03524255673785539,0.0011381921783085779,0,680,0.03378217555025194
586,321.63143438203406,0.035204222729764666,0.001137370376275749,0,681,0.030403957995226747
587,322.1131794650282,0.03516169215160801,0.0011364681597593284,0,682,0.027363562195704072
588,322.59621984003024,0.0351145129498248,0.0011354672940478738,0,683,0.024627205976133666
589,323.0771036320293,0.03506218645286188,0.0011343568540522968,0,684,0.0221644853785203
590,323.56732942402596,0.03500416269838632,0.0011331250183063935,0,685,0.01994803684066827
591,324.0483704660219,0.03493983566365721,0.001131758755053743,0,686,0.017953233156601443
592,324.53806184102723,0.03486853818144104,0.0011302436924220181,0,687,0.016157909840941297
593,325.02476800802833,0.03478953654605724,0.0011285639924962136,0,688,0.014542118856847168
594,325.50642767402314,0.03470202482975185,0.001126702221425784,0,689,0.01308790697116245
595,325.99063184102124,0.034605118943181336,0.0011246392304438166,0,690,0.011779116274046205
596,326.4833212580197,0.0344978504947193,0.0011223541885090646,0,691,0.010601204646641585
597,326.95666675801476,0.03437916055694923,0.0011198261319308738,0,692,0.009541084181977426
598,327.4255403410134,0.034247893919021194,0.0011170542425838939,0,693,0.008586975763779684
599,327.89861479901447,0.03410280140820905,0.0011143657373589469,0,694,0.0077282781874017156
600,328.36937067401595,0.03394269723776563,0.0011182903746105378,0,695,0.006955450368661544
601,328.84226529901935,0.03377040807417321,0.0012727083121001571,0,696,0.00625990533179539
602,329.7928429240201,0.03369167973639232,0.001772130123377378,0,698,0.011267829597231703
603,331.20565917401836,0.03364097569141459,0.0011144413381460393,0,701,0.04056418655003413
604,331.68242154901236,0.033610648566855646,0.001103383894608709,0,702,0.03650776789503072
605,332.15101050701196,0.033577311548440576,0.0011026678328561875,0,703,0.03285699110552765
606,332.61970529901737,0.033540319761613334,0.0011018743535022898,0,704,0.029571291994974887
607,333.08891634101747,0.033499278542726996,0.001100993758335823,0,705,0.0266141627954774
608,333.5586899240152,0.03345375205916053,0.0011000165970449078,0,706,0.02395274651592966
609,334.026803966015,0.033403259306311495,0.001098932436104755,0,707,0.021557471864336694
610,334.5041814660144,0.0333472698312326,0.0010977297515216355,0,708,0.019401724677903024
611,334.9753742160101,0.0332851991483478,0.0010963958229362333,0,709,0.01746155221011272
612,335.4443828820149,0.03321640384927113,0.0010949166197934887,0,710,0.01571539698910145
613,335.91324734101363,0.03314017641684213,0.001093276679181316,0,711,0.014143857290191304
614,336.38181721600995,0.03305573976370787,0.0010914589753549721,0,712,0.012729471561172174
615,336.85251925801276,0.03296224152875895,0.0010894447811634206,0,713,0.011456524405054958
616,337.3187414660133,0.03285874818117884,0.0010872135232209497,0,714,0.010310871964549462
617,337.7881385070141,0.03274423900237121,0.0010847426426196004,0,715,0.009279784768094516
618,338.26540375701734,0.032617600045433945,0.0010820076248020808,0,716,0.008351806291285065
619,338.73537838201446,0.03247761826828215,0.0010789848674551772,0,717,0.007516625662156559
620,339.20264288200997,0.032322977518730533,0.0010757140991037894,0,718,0.0067649630959409025
621,339.6759965900055,0.03215229676327648,0.0010739312130574347,0,719,0.006088466786346812
622,340.14600804899965,0.03196556140559703,0.0011295327139897678,0,720,0.005479620107712131
623,340.6186682989937,0.031824213971416535,0.0025720307123220476,0,721,0.004931658096940918
624,342.50774013199407,0.03172761442704924,0.0010640019523842877,0,725,0.03550793829797461
625,342.97677079799905,0.0316957858977332,0.0010620372007374742,0,726,0.03195714446817715
626,343.44567342299706,0.03166050480214972,0.0010612471535577995,0,727,0.028761430021359436
627,343.9155868809976,0.03162136241827921,0.0010603938373616565,0,728,0.025885287019223494
628,344.3825561719932,0.03157794264315412,0.0010594482985834192,0,729,0.023296758317301144
629,344.85243562999676,0.03152978680896698,0.0010583993846325426,0,730,0.02096708248557103
630,345.3245651299949,0.03147638914161949,0.0010572358310174989,0,731,0.018870374237013928
631,345.79726158799895,0.03141719237335791,0.0010559453149259035,0,732,0.016983336813312537
632,346.26857746300084,0.031351583085979476,0.0010545142756190355,0,733,0.015285003131981284
633,346.73948987999756,0.0312788867764751,0.001052927833643628,0,734,0.013756502818783156
634,347.2055071299983,0.031198362669300334,0.0010511699474028545,0,735,0.012380852536904841
635,347.67519592199824,0.031109198343555532,0.0010492252474766347,0,736,0.011142767283214358
636,348.1454732130005,0.03101050457508483,0.0010470960507810909,0,737,0.010028490554892923
637,348.6115794630023,0.030901314437817747,0.0010449889882018792,0,738,0.00902564149940363
638,349.0783862550088,0.03078064383993344,0.001045882545810914,0,739,0.008123077349463268
639,349.5587740050105,0.03064863924841003,0.0010988005410966781,0,740,0.007310769614516942
640,350.0399547970155,0.030532052346991526,0.001923462672688465,0,741,0.0065796926530652475
641,351.95692529701773,0.030480957061749425,0.001101025629407879,0,745,0.047373787102069784
642,352.43829633801215,0.030456637547433718,0.0010363453823287545,0,746,0.04263640839186281
643,352.91391217201453,0.0304314872865572,0.0010343638716970283,0,747,0.038372767552676525
644,353.4061701310129,0.030403613672748887,0.0010337475006553356,0,748,0.03453549079740887
645,353.8885385900139,0.030372680789961515,0.001033067339059451,0,749,0.031081941717667982
646,354.36799996501213,0.03033835738301801,0.0010323124173097986,0,750,0.027973747545901186
647,354.84659659001045,0.030300277521863747,0.001031474603645955,0,751,0.025176372791311068
648,355.3269797570174,0.03025803711190242,0.0010305449171437117,0,752,0.02265873551217996
649,355.8100637150128,0.030211190224240327,0.0010295134323154145,0,753,0.020392861960961964
650,356.2891806730113,0.03015924514728273,0.0010283691860711315,0,754,0.01835357576486577
651,356.76925125700654,0.030101660156821877,0.00102710007730166,0,755,0.016518218188379192
652,357.2476776320109,0.030037839007682778,0.0010256927586729677,0,756,0.014866396369541273
653,357.7189020900114,0.029967126157502275,0.0010241325204873926,0,757,0.013379756732587147
654,358.18772746501054,0.029888801742903825,0.0010224031665980488,0,758,0.012041781059328432
655,358.65958238200983,0.029802076340694247,0.0010204868827360886,0,759,0.01083760295339559
656,359.1267362990111,0.02970608556220876,0.001018364098359858,0,760,0.009753842658056032
657,359.5957904650131,0.029599884548562015,0.0010160133548023063,0,761,0.00877845839225043
658,360.06540634000703,0.029482442461942766,0.0010134113515458281,0,762,0.007900612553025387
659,360.53411592401244,0.029352637177007364,0.0010105365325517078,0,763,0.007110551297722849
660,361.0041897570118,0.02920925234261897,0.0010074577149599827,0,764,0.006399496167950564
661,361.4739346740098,0.029051038929897872,0.0010070111899269966,0,765,0.005759546551155508
662,361.94315817401366,0.02887923542101725,0.0011113195893040168,0,766,0.005183591896039958
663,362.88271163301397,0.02880470182783345,0.0017333815303944423,0,768,0.009330465412871924
664,364.28961734201584,0.028753535486868716,0.0010052781385746967,0,771,0.03358967548633893
665,364.75839559201995,0.02872375097703044,0.0009968942061083495,0,772,0.030230707937705034
666,365.2286857580184,0.02869090529749454,0.0009958432317877738,0,773,0.02720763714393453
667,365.69776971601823,0.02865447308455103,0.0009949974093116328,0,774,0.02448687342954108
668,366.16480938302266,0.028614061502303542,0.0009940890566696456,0,775,0.02203818608658697
669,366.63235571602127,0.02856924353105251,0.0009930865384904265,0,776,0.019834367477928275
670,367.10287496601813,0.028519548854052643,0.0009919762407578098,0,777,0.01785093073013545
671,367.57199392501934,0.02846445943579983,0.0009907467521561015,0,778,0.016065837657121905
672,368.03891200901853,0.028403405223431894,0.0009893889610964064,0,779,0.014459253891409715
673,368.50871563401597,0.02833575987095048,0.0009879074247876871,0,780,0.013013328502268743
674,368.97718846701173,0.02826083777867367,0.0009863960382965218,0,781,0.01171199565204187
675,369.4476026750053,0.02817790366163561,0.000985640355729675,0,782,0.010540796086837683
676,369.9170965500016,0.02808631181833598,0.0009930623022474687,0,783,0.009486716478153915
677,370.3880306330029,0.027987308571158487,0.0010918894904583705,0,784,0.008538044830338523
678,370.85789496700454,0.027912658877753672,0.0020640644616603293,0,785,0.007684240347304671
679,372.7409785090058,0.027861187748762672,0.0011530133509802755,0,789,0.055326530500593635
680,373.20761150900944,0.02783965798465641,0.0009898932669758739,0,790,0.04979387745053427
681,373.67792234200897,0.02782019642027655,0.0009767199219400606,0,791,0.044814489705480846
682,374.14787117600645,0.02779892290489784,0.000975810056983893,0,792,0.04033304073493276
683,374.6182366340072,0.02777532085115569,0.0009752753422054697,0,793,0.036299736661439486
684,375.0880263840081,0.027749125773967362,0.0009746856433596953,0,794,0.03266976299529554
685,375.5593635920086,0.027720056292890375,0.0009740310536747647,0,795,0.029402786695765987
686,376.02907196700835,0.02768780143827697,0.0009733045094023301,0,796,0.02646250802618939
687,376.49881163300597,0.027652017633599448,0.0009724981964313332,0,797,0.02381625722357045
688,376.96650050800963,0.027612325518796787,0.0009716034742790603,0,798,0.021434631501213407
689,377.43579346600745,0.027568306521725847,0.000970610793868631,0,799,0.019291168351092066
690,377.90183471600903,0.02751949917209743,0.0009695096083600274,0,800,0.01736205151598286
691,378.3706794660102,0.027465395156437266,0.000968288276731723,0,801,0.015625846364384573
692,378.84235513301246,0.027405435118172238,0.0009669339598959739,0,802,0.014063261727946117
693,379.3261913830065,0.027339004214236445,0.0009654325092265484,0,803,0.012656935555151506
694,379.81284192500607,0.027265427448990364,0.0009637683475125286,0,804,0.011391241999636356
695,380.30262959200627,0.027183964818189455,0.0009619243425422827,0,805,0.01025211779967272
696,380.7919898420005,0.027093806310709376,0.0009598816737326042,0,806,0.009226906019705449
697,381.2810937589966,0.02699406683431709,0.0009576196929573662,0,807,0.008304215417734904
698,381.77070025899593,0.026883781154612086,0.0009551157859655568,0,808,0.007473793875961414
699,382.2521400929909,0.026761898966872474,0.0009523453650145632,0,809,0.006726414488365273
700,382.7419405089895,0.026627280332149946,0.0009492855398419556,0,810,0.006053773039528746
701,383.2213932589948,0.02647869456984797,0.0009460480665498058,0,811,0.005448395735575871
702,383.69812942599674,0.026314951527303482,0.0009487172321180795,0,812,0.004903556162018284
703,384.19352992600034,0.026142374380952314,0.0012456782060558335,0,813,0.004413200545816456
704,386.14154842599964,0.02610947385889792,0.0009466483921035056,0,817,0.03177504392987848
705,386.6119496760002,0.026081632223696565,0.0009375916676986575,0,818,0.028597539536890634
706,387.0815744259962,0.026050940533833562,0.0009362589525162778,0,819,0.025737785583201573
707,387.5518765509987,0.026016905024703035,0.0009353848653959148,0,820,0.023164007024881417
708,388.0267518010005,0.025979154410777226,0.0009344989786149647,0,821,0.020847606322393276
709,388.49992146799923,0.025937289458418757,0.0009335372507313654,0,822,0.018762845690153948
710,388.97948959300265,0.025890871293600338,0.0009324841191008679,0,823,0.016886561121138555
711,389.45369980100077,0.025839417029404163,0.0009313449219932132,0,824,0.0151979050090247
712,389.9270776339981,0.025782396766868526,0.0009301895950511857,0,825,0.01367811450812223
713,390.39512030099286,0.025719236004208175,0.0009294451660509509,0,826,0.012310303057310007
714,390.8644420089913,0.02564935944165643,0.0009320226186294162,0,827,0.011079272751579007
715,391.3448333839915,0.025572623383470033,0.0009620572525909495,0,828,0.009971345476421107
716,391.8136130089915,0.025494286745125216,0.0012367220332083282,0,829,0.008974210928778996
717,393.220449342989,0.02546247493336068,0.0009301280535176339,0,832,0.03230715934360439
718,393.68918630099506,0.025435979795910443,0.0009225367007747582,0,833,0.02907644340924395
719,394.1576992170012,0.025406745126847527,0.0009214020442433996,0,834,0.026168799068319558
720,394.6253410080026,0.025374320988515137,0.0009205904721922635,0,835,0.023551919161487602
721,395.09547629999724,0.025338355524750295,0.0009197469946695533,0,836,0.02119672724533884
722,395.5638129250001,0.025298468193535602,0.0009188242518002939,0,837,0.019077054520804958
723,396.0308849669964,0.025254240234147837,0.0009178077880298497,0,838,0.017169349068724464
724,396.50403696699505,0.025205210561076642,0.0009166935729671089,0,839,0.015452414161852017
725,396.97221942499164,0.025150872306226542,0.000915504905433878,0,840,0.013907172745666815
726,397.4458628829889,0.025090671413531586,0.0009144122436294054,0,841,0.012516455471100134
727,397.913030132986,0.025024021271603438,0.000914583812263893,0,842,0.011264809923990121
728,398.3816409249848,0.02495046407305508,0.0009255729764485451,0,843,0.01013832893159111
729,398.8519768839833,0.024871494290800062,0.0010393394796366009,0,844,0.009124496038432
730,399.7914100089838,0.02482802341436693,0.0011061832151297293,0,846,0.0164240928691776
731,400.2611708009863,0.024784013975642304,0.0013138702537374585,0,847,0.01478168358225984
732,401.20019330098876,0.024746912490951678,0.0009794878361635917,0,849,0.02660703044806771
733,401.6701502179858,0.024714892955492635,0.000927831035657174,0,850,0.023946327403260942
734,402.1404898849869,0.02468044106617693,0.0009161951318684867,0,851,0.02155169466293485
735,402.6110081769875,0.024642455197945466,0.0009133046944112935,0,852,0.019396525196641364
736,403.07927846898383,0.02460043829338337,0.0009148272604253361,0,853,0.01745687267697723
737,403.5500757189802,0.024554022681623912,0.0009239362964561694,0,854,0.01571118540927951
738,404.0187139689806,0.02450313217013904,0.0009580816418267804,0,855,0.014140066868351559
739,404.4857158439845,0.024449307973948918,0.0010956320595462673,0,856,0.012726060181516403
740,405.4231687599822,0.02441462222523104,0.0009780321265096211,0,858,0.022906908326729526
741,405.89178492698557,0.024378753545020924,0.0009490185237256588,0,859,0.020616217494056573
742,406.36276751098194,0.02433970189991256,0.0009479220752824002,0,860,0.018554595744650917
743,406.833332677983,0.02429696940822749,0.0009710919849960219,0,861,0.016699136170185827
744,407.30113959498703,0.02425094817959519,0.0010504732330812634,0,862,0.015029222553167245
745,407.7699576779851,0.024205246682004515,0.0013108176261022904,0,863,0.01352630029785052
746,408.70902001098875,0.024167657109231244,0.0010239181843492535,0,865,0.024347340536130937
747,409.1887772609916,0.02413336682834611,0.0009570500346862828,0,866,0.021912606482517843
748,409.67052226098895,0.02409676922989312,0.0009419883676341407,0,867,0.01972134583426606
749,410.15215446898947,0.024056763083036708,0.0009504190839153103,0,868,0.017749211250839454
750,410.63088955298736,0.024013182939172935,0.0009923985298919576,0,869,0.01597429012575551
751,411.10929071898136,0.023967297619847262,0.0011290900996369067,0,870,0.014376861113179958
752,412.07257301098434,0.023935110024454222,0.0009373180951514726,0,872,0.025878350003723925
753,412.55230367798504,0.02390399514305014,0.0009043811486884165,0,873,0.023290515003351532
754,413.03223063598125,0.02387012005203889,0.0008963212858958987,0,874,0.020961463503016378
755,413.5137212189802,0.023832711569213395,0.0008947715650804437,0,875,0.01886531715271474
756,414.0040904689813,0.023791336382870357,0.0008978953360330494,0,876,0.016978785437443265
757,414.48600321898266,0.023745689407837264,0.0009114292739370354,0,877,0.01528090689369894
758,414.9776772189871,0.023695927026980666,0.0009624312562436359,0,878,0.013752816204329046
759,415.47322113499104,0.023644911487210204,0.0011714878050523112,0,879,0.012377534583896142
760,416.4498441349933,0.023609616154182497,0.0010194990537500306,0,881,0.022279562251013057
761,416.9192305519973,0.023574043814451346,0.0009824859665160507,0,882,0.02005160602591175
762,417.38907534399914,0.02353585356095214,0.0009935042114690565,0,883,0.018046445423320578
763,417.8599208029991,0.023494924163808655,0.001062059940316004,0,884,0.01624180088098852
764,418.3276483860027,0.0234536390261438,0.0012733998333366754,0,885,0.014617620792889667
765,419.2640896360026,0.023418836991779116,0.0009544166368103972,0,887,0.0263117174272014
766,419.7319468860005,0.02338856667489461,0.0009007977739809486,0,888,0.02368054568448126
767,420.20304151099845,0.02335605217704077,0.0008882833963353362,0,889,0.021312491116033134
768,420.6729285939946,0.02332023440954772,0.0008856843063905008,0,890,0.019181242004429822
769,421.1426086779902,0.023280650140577463,0.0008890489914732696,0,891,0.01726311780398684
770,421.61189913698763,0.023237011051052397,0.0009040956398453019,0,892,0.015536806023588156
771,422.0825890119886,0.023189516257606423,0.0009589318060524312,0,893,0.01398312542122934
772,422.54896796998946,0.023141079160404716,0.001174397239145665,0,894,0.012584812879106407
773,423.4849413869888,0.023106696858244995,0.0010051873713737545,0,896,0.022652663182391532
774,423.95316655399074,0.02307249332978292,0.0009625836097148124,0,897,0.02038739686415238
775,424.42073042898846,0.023035785679072027,0.0009669031608879914,0,898,0.018348657177737142
776,424.88782455398905,0.02299623001990282,0.0010192782695935875,0,899,0.01651379145996343
777,425.3569479289872,0.02295540234849476,0.0011849841596194793,0,900,0.014862412313967085
778,426.29263976198854,0.022923570506138996,0.000919675681257953,0,902,0.026752342165140754
779,426.7614364699839,0.022894874485723762,0.0008797569283149122,0,903,0.024077107948626678
780,427.22931001098186,0.02286381245806938,0.0008707246829878293,0,904,0.021669397153764012
781,427.69877030298085,0.0228295219295722,0.0008683716233367449,0,905,0.019502457438387612
782,428.1684199279771,0.02279157099866709,0.0008693661509139504,0,906,0.01755221169454885
783,428.6377932199757,0.022749613496881746,0.0008761219736996299,0,907,0.015796990525093965
784,429.10460334497475,0.022703504224990036,0.0009020283821396989,0,908,0.014217291472584569
785,429.57502080297127,0.022654249455147723,0.001008536416254159,0,909,0.012795562325326111
786,430.0436464699669,0.022610594193951936,0.001464878110047593,0,910,0.0115160060927935
787,431.4587643449704,0.022577807400647198,0.0008634532185012564,0,913,0.0414576219340566
788,431.93229613696894,0.022560003326393165,0.0008545741461323721,0,914,0.037311859740650946
789,432.401415511973,0.022540435887437094,0.0008541074666033935,0,915,0.033580673766585856
790,432.87421084597736,0.02251871868478487,0.0008535893923391584,0,916,0.03022260638992727
791,433.3451171369743,0.022494618533850326,0.0008530142945810154,0,917,0.027200345750934544
792,433.81488351197186,0.02246787765680829,0.000852375962916598,0,918,0.02448031117584109
793,434.30692338697554,0.02243821125225532,0.0008516675262481727,0,919,0.02203228005825698
794,434.782967719977,0.022405304864039695,0.0008508813858972898,0,920,0.01982905205243128
795,435.25225817797764,0.022368811541884526,0.00085000914299018,0,921,0.017846146847188153
796,435.77995434498007,0.022328348789314667,0.0008490415196558191,0,922,0.01606153216246934
797,436.25310846998036,0.022283495297887004,0.0008479682737530157,0,923,0.014455378946222406
798,436.77770501197665,0.022233787471388707,0.0008467781069094327,0,924,0.013009841051600165
799,437.26862634497957,0.022178715749788573,0.0008454585657562507,0,925,0.011708856946440149
800,437.78682359497907,0.022117720750606445,0.0008439959363432695,0,926,0.010537971251796134
801,438.2597228869781,0.02205018925539986,0.0008423751323447718,0,927,0.00948417412661652
802,438.7313208039777,0.021975450081691186,0.0008405795822085504,0,928,0.00853575671395487
803,439.2230694699829,0.021892769898029928,0.000838591205221517,0,929,0.007682181042559383
804,439.7045633859816,0.021801349094882932,0.0008363923668935405,0,930,0.0069139629383034445
805,440.19448651098355,0.02170031884428143,0.0008340212851317949,0,931,0.0062225666444731004
806,440.68142826098483,0.021588774740948398,0.0008334409861434261,0,932,0.005600309980025791
807,441.16449780298717,0.0214673678023993,0.000914085626430732,0,933,0.005040278982023212
808,442.1309740949873,0.02141510315633703,0.0014625616688156591,0,935,0.009072502167641782
809,443.62402051199024,0.021379122447457204,0.0008444066175029021,0,938,0.03266100780351042
810,444.13288409499364,0.0213578907985577,0.0008270337629655009,0,939,0.029394907023159375
811,444.61218076098885,0.021334683989336807,0.0008253427487490448,0,940,0.026455416320843438
812,445.0987555529864,0.021308956502711286,0.000824562003734423,0,941,0.023809874688759093
813,445.5825035109883,0.02128041758995487,0.0008238361613262737,0,942,0.021428887219883185
814,446.06090430198674,0.02124876301764711,0.0008230631923428357,0,943,0.019285998497894866
815,446.5425968849813,0.021213658988284124,0.0008222235224572793,0,944,0.01735739864810538
816,447.02440417697653,0.021174738122769078,0.0008213252692434535,0,945,0.015621658783294844
817,447.5013204689749,0.021131597181266854,0.000820447300456346,0,946,0.01405949290496536
818,447.971047676976,0.021083799694964447,0.0008200420596711829,0,947,0.012653543614468825
819,448.44224305197713,0.021030914824396296,0.0008230785159270605,0,948,0.011388189253021942
820,448.9142203439769,0.020972885914371093,0.0008532768226372136,0,949,0.010249370327719748
821,449.3948746769747,0.02091413521924099,0.0011141108421828137,0,950,0.009224433294947773
822,450.8075382189709,0.020889322328336925,0.0008200121269165327,0,953,0.033207959861811985
823,451.279139635968,0.02086925632377802,0.0008141581293365744,0,954,0.029887163875630788
824,451.74927851097164,0.020847099091219883,0.00081330645259015,0,955,0.02689844748806771
825,452.2213899689741,0.0208225195221647,0.0008126668647076882,0,956,0.02420860273926094
826,452.69363534397417,0.020795250984086924,0.0008119928352269679,0,957,0.021787742465334846
827,453.161447010978,0.02076500375878468,0.0008112524226285042,0,958,0.019608968218801363
828,453.63015688597807,0.020731458628420258,0.0008104344430465956,0,959,0.017648071396921226
829,454.1013088449763,0.020694263749796816,0.0008095326334048979,0,960,0.015883264257229104
830,454.5719780529762,0.02065303174659673,0.0008085512898444773,0,961,0.014294937831506194
831,455.04190930297045,0.020607337379886386,0.0008075507586349185,0,962,0.012865444048355575
832,455.51437105297373,0.020556720241363974,0.0008069624856995123,0,963,0.011578899643520017
833,455.9844497619706,0.020500733088543256,0.0008102614979513364,0,964,0.010421009679168015
834,456.45470555396605,0.02043949209108661,0.0008513743310264014,0,965,0.009378908711251214
835,456.92500042897154,0.020381138058624054,0.0012593473868344482,0,966,0.008441017840126092
836,458.3322217629757,0.020351412251523177,0.0008327068601727345,0,969,0.030387664224453933
837,458.8008723879757,0.020329765930833726,0.0008050055339884434,0,970,0.02734889780200854
838,459.2659984719794,0.020306277519916448,0.0008012158848269489,0,971,0.024614008021807687
839,459.7379148469772,0.020280274466555,0.0007999438925667478,0,972,0.02215260721962692
840,460.20705301398266,0.02025144061462875,0.0007991038898851283,0,973,0.019937346497664227
841,460.67606517997774,0.02021946586716557,0.0007984032617495654,0,974,0.017943611847897806
842,461.1466711389803,0.02018401628329486,0.0007979375837675556,0,975,0.016149250663108027
843,461.6175232639798,0.02014473508926704,0.0007983958894635763,0,976,0.014534325596797225
844,462.0865559729791,0.02010128135378095,0.0008032268596571454,0,977,0.013080893037117503
845,462.5562473069731,0.02005360887351016,0.0008327140976731071,0,978,0.011772803733405753
846,463.02465105697775,0.020004288633472006,0.0010186529065004239,0,979,0.010595523360065178
847,463.9796810989792,0.019974363555636386,0.0010054631855544419,0,981,0.01907194204811732
848,464.46043222397566,0.019943401931896504,0.0010802824541016913,0,982,0.01716474784330559
849,465.41971434898005,0.01991899695522618,0.0008061437016472173,0,984,0.030896546117950063
850,465.898122015984,0.019898517703738735,0.0007918814032597309,0,985,0.02780689150615506
851,466.38019264097966,0.019876057515577947,0.000789868633563298,0,986,0.025026202355539554
852,466.8673538079747,0.019851163339606303,0.0007889818251550583,0,987,0.022523582119985598
853,467.33971489097166,0.019823552072304577,0.0007882386527798365,0,988,0.020271223907987038
854,467.8078965579698,0.01979292914357383,0.0007874990150549664,0,989,0.018244101517188336
855,468.2755727249678,0.01975897278467102,0.000786774160458249,0,990,0.016419691365469502
856,468.7470553499734,0.019721331593187747,0.0007862470090820895,0,991,0.014777722228922553
857,469.24033768397203,0.019679632372894433,0.0007868470256659725,0,992,0.013299950006030297
858,469.7322987669686,0.019633548612670745,0.00079401829200962,0,993,0.011969955005427267
859,470.22507276696706,0.01958336950437548,0.0008460367146537483,0,994,0.01077295950488454
860,470.71410164196277,0.01953571333971924,0.001212930320440056,0,995,0.009695663554396087
861,472.18359947496356,0.01950974787290961,0.0007835489555380453,0,998,0.034904388795825914
862,472.6753122249647,0.01949225079641588,0.0007799767345048473,0,999,0.03141394991624332
863,473.16419289096666,0.01947289492414225,0.0007793818460478704,0,1000,0.02827255492461899
864,473.6535564319711,0.019451417853512922,0.0007788361243133577,0,1001,0.025445299432157092
865,474.1442926399686,0.0194275882901166,0.0007782403514373746,0,1002,0.022900769488941385
866,474.63603959896864,0.019401152511096767,0.0007775807838003413,0,1003,0.020610692540047246
867,475.1155577659665,0.019371830543312395,0.000776849381531509,0,1004,0.01854962328604252
868,475.58527493196743,0.019339313546062834,0.0007760383479103772,0,1005,0.016694660957438268
869,476.0545272229647,0.01930326110541002,0.0007751398849236417,0,1006,0.015025194861694442
870,476.52499326496763,0.01926329838899263,0.0007741485148778639,0,1007,0.013522675375524998
871,476.99202876496565,0.019219013365907985,0.0007730767391687637,0,1008,0.012170407837972498
872,477.4609710979639,0.019169955809053212,0.0007720768502253249,0,1009,0.010953367054175248
873,477.93110976396565,0.019115655625516276,0.0007726185664718079,0,1010,0.009858030348757723
874,478.4024741809626,0.0190558836760947,0.0007915642718472471,0,1011,0.00887222731388195
875,478.8713440559586,0.01899471784262409,0.0010373400811346056,0,1012,0.007985004582493755
876,480.27620513996226,0.018971026125672016,0.0007967160254265908,0,1015,0.028746016496977517
877,480.7433148069613,0.01895013549296766,0.0007725907808474661,0,1016,0.025871414847279766
878,481.21085247396695,0.0189273754661773,0.0007681265151415797,0,1017,0.02328427336255179
879,481.6797991409694,0.018902188703891244,0.000766617307344148,0,1018,0.02095584602629661
880,482.1475134739667,0.018874268603316483,0.000765907160193144,0,1019,0.018860261423666952
881,482.61571138996806,0.018843318487441304,0.0007658702659864209,0,1020,0.016974235281300258
882,483.0856913899697,0.018809034006074844,0.000767606721199477,0,1021,0.015276811753170232
883,483.5586120979715,0.01877115639026092,0.0007764430445155865,0,1022,0.01374913057785321
884,484.0274710559752,0.018729835837374007,0.0008203675914964398,0,1023,0.01237421752006789
885,484.4992926399718,0.01868837919247812,0.0010548827926750955,0,1024,0.0111367957680611
886,485.44064184797026,0.018661045871845642,0.0009954229157333903,0,1026,0.020046232382509983
887,485.9094368069709,0.018633252189573537,0.0010329332287315517,0,1027,0.018041609144258983
888,486.8500143899728,0.01861160223602667,0.0007660917591252045,0,1029,0.03247489645966617
889,487.32133747296757,0.018593787276322892,0.0007580151195639266,0,1030,0.029227406813699553
890,487.78865576496173,0.01857416063586957,0.0007569483024045159,0,1031,0.0263046661323296
891,488.2567565989666,0.018552392504698898,0.0007563124327050682,0,1032,0.02367419951909664
892,488.7270755569698,0.018528243197404846,0.0007556828449053308,0,1033,0.021306779567186976
893,489.1947092239716,0.018501455495571965,0.0007550033109400088,0,1034,0.019176101610468278
894,489.66346114096814,0.01847174644589596,0.0007542616916399328,0,1035,0.01725849144942145
895,490.13096172396763,0.01843880440189368,0.0007534649054278031,0,1036,0.015532642304479304
896,490.59719297396805,0.01840228704168588,0.0007526782245533443,0,1037,0.013979378074031374
897,491.06577868196473,0.01836182322072252,0.0007522881212393391,0,1038,0.012581440266628236
898,491.5366470989684,0.018317044257632507,0.0007549104509745731,0,1039,0.011323296239965412
899,492.005201889966,0.018267891303653996,0.0007821273611501042,0,1040,0.01019096661596887
900,492.4774896819654,0.018218143588318938,0.0010248680896295566,0,1041,0.009171869954371983
901,493.89397101496434,0.018197171859979912,0.000753940743031294,0,1044,0.03301873183573914
902,494.3626779739643,0.018180154495621968,0.0007473135957063045,0,1045,0.029716858652165227
903,494.83365051496367,0.018161384576548346,0.0007464293053219628,0,1046,0.026745172786948705
904,495.3036295569618,0.018140563550954836,0.0007458432176709768,0,1047,0.024070655508253835
905,495.77128334896406,0.01811746372549996,0.0007452429765238247,0,1048,0.021663589957428453
906,496.23689705797005,0.01809183904778976,0.0007445883362531856,0,1049,0.019497230961685607
907,496.70443134997186,0.018063418534161,0.0007438681641442807,0,1050,0.017547507865517047
908,497.17505026597064,0.018031903499917547,0.0007430805310450099,0,1051,0.015792757078965342
909,497.64264572397224,0.01799696522536679,0.0007422471153341712,0,1052,0.014213481371068808
910,498.11255209897354,0.017958243999478023,0.0007415156913028622,0,1053,0.012792133233961927
911,498.5834455159711,0.017915359003626157,0.0007418857994066888,0,1054,0.011512919910565734
912,499.06643089096906,0.017868017383334045,0.0007514908695360555,0,1055,0.010361627919509162
913,499.54825501597225,0.017817244303967625,0.0008480956135241213,0,1056,0.009325465127558245
914,500.51939368197054,0.017789275844502826,0.0009040054580574402,0,1058,0.01678583722960484
